x,y,cluster
-0.656,0.52,0
-0.65,1.152,0
-0.617,0.523,0
-0.502,-0.478,0
-0.648,1.151,0
-0.389,-0.47,0
-0.94,1.135,0
-0.941,1.135,0
-0.729,1.147,0
-0.619,0.147,0
-0.338,1.166,0
-0.712,1.776,0
-0.671,1.15,0
-1.003,1.762,0
-0.877,1.138,0
-0.461,0.155,0
-0.507,-0.479,0
-0.75,-0.491,0
-0.567,-0.481,0
-0.677,0.142,0
-0.846,1.138,0
-0.676,0.142,0
-0.418,-0.473,0
-0.481,0.154,0
-0.521,0.152,0
-0.345,-0.471,0
-0.365,0.159,0
-0.727,1.145,0
-0.417,0.157,0
-0.455,0.155,0
-0.524,0.152,0
-0.551,0.149,0
-0.541,0.151,0
-0.617,0.146,0
-0.458,-0.476,0
-0.391,-0.473,0
-0.405,-0.473,0
-0.802,0.513,0
-0.597,0.147,0
-0.558,-0.482,0
-0.624,-0.485,0
-0.514,0.151,0
-0.51,-0.478,0
-0.721,1.152,0
-0.769,1.148,0
-0.786,1.146,0
-0.419,0.159,0
-0.469,0.155,0
-0.529,0.152,0
-0.663,-0.487,0
-0.61,0.147,0
-0.519,0.15,0
-0.503,-0.48,0
-0.495,-0.478,0
-0.437,-0.475,0
-0.508,0.152,0
-0.742,1.147,0
-0.8,1.144,0
-0.794,1.143,0
-0.787,1.143,0
-0.802,1.144,0
-0.798,1.144,0
-0.81,1.144,0
-0.915,1.136,0
-0.462,-0.475,0
-0.879,1.138,0
-0.437,0.156,0
-0.598,0.523,0
-0.563,1.155,0
-0.499,-0.479,0
-0.424,-0.477,0
-0.679,1.146,0
-0.756,1.146,0
-0.353,-0.47,0
-0.638,1.15,0
-0.397,-0.475,0
-0.601,0.523,0
-0.758,1.147,0
-0.731,1.148,0
-0.664,0.521,0
-0.535,-0.478,0
-0.521,-0.478,0
-0.561,-0.479,0
-0.737,1.147,0
-0.439,-0.474,0
-0.431,0.158,0
-0.406,-0.471,0
-0.71,1.149,0
-0.411,-0.472,0
-0.59,-0.481,0
-0.639,-0.484,0
-0.673,-0.487,0
-0.668,0.144,0
-0.633,0.146,0
-0.624,0.147,0
-0.925,1.135,0
-0.419,-0.469,0
0.281,-0.433,0
0.559,-0.417,0
-0.439,-0.472,0
-0.581,0.153,0
0.035,-0.444,0
0.304,-0.43,0
-0.398,-0.471,0
-0.483,-0.475,0
-0.478,-0.473,0
-0.652,-0.484,0
-0.164,-0.457,0
0.038,-0.444,0
-0.469,-0.474,0
-0.504,-0.478,0
-0.735,1.149,0
-0.392,-0.47,0
-0.741,1.149,0
-0.324,-0.464,0
-0.548,-0.48,0
-0.536,-0.48,0
-0.558,-0.48,0
-0.201,-0.46,0
-0.654,1.153,0
-0.297,-0.464,0
0.001,-0.447,0
-0.169,0.174,0
-0.105,-0.454,0
-0.055,-0.451,0
-0.157,-0.457,0
-0.153,-0.456,0
-0.096,-0.453,0
0.175,-0.442,0
0.082,0.185,0
0.135,-0.441,0
0.121,-0.441,0
0.086,-0.444,0
0.361,-0.429,0
0.426,-0.427,0
0.226,-0.436,0
0.27,-0.433,0
-0.101,-0.457,0
-0.499,0.154,0
-0.506,-0.479,0
-0.583,-0.481,0
-0.515,-0.477,0
-0.819,0.136,0
-0.792,0.137,0
-0.511,-0.478,0
-0.361,-0.469,0
-0.225,-0.464,0
-0.396,-0.472,0
-0.416,-0.471,0
-0.468,-0.473,0
-0.488,-0.475,0
-0.126,-0.455,0
-0.36,-0.469,0
-0.579,-0.482,0
-0.809,0.136,0
-0.651,0.146,0
-0.651,-0.486,0
0.014,0.137,0
0.023,0.136,0
-0.374,0.162,0
-0.695,0.144,0
-0.591,-0.481,0
-0.528,-0.478,0
-0.557,-0.481,0
-0.195,-0.461,0
-0.521,-0.479,0
-1.006,1.762,0
-0.546,-0.48,0
-0.603,-0.481,0
-0.556,1.244,0
-0.98,1.133,0
-0.483,0.53,0
-0.474,-0.477,0
-0.675,0.144,0
-0.674,0.144,0
-0.884,1.138,0
-0.671,0.144,0
-0.673,0.144,0
-0.747,1.145,0
-0.898,1.137,0
-0.801,0.137,0
-0.791,0.512,0
-0.56,-0.481,0
-0.933,1.766,0
-0.848,1.14,0
-0.809,1.141,0
-0.8,0.512,0
-0.748,0.515,0
-0.61,0.145,0
-0.732,0.141,0
-0.746,0.14,0
-0.841,1.14,0
-0.667,0.143,0
-0.604,-0.483,0
-0.647,-0.486,0
-0.859,1.139,0
-0.96,1.134,0
-0.926,1.136,0
-0.886,0.506,0
-0.903,1.137,0
-0.901,1.137,0
-0.845,1.141,0
-0.938,0.592,0
-0.578,-0.483,0
-0.67,0.519,0
-0.784,1.144,0
-0.836,1.14,0
-0.561,-0.481,0
-0.8,0.512,0
-0.451,-0.018,0
-0.529,1.151,0
-0.487,1.152,0
-0.473,1.153,0
-0.302,-0.006,0
-0.519,0.526,0
-0.472,-0.477,0
-0.252,-0.465,0
-0.782,1.774,0
-0.698,1.148,0
-0.852,0.509,0
-0.652,-0.486,0
-0.602,-0.483,0
-0.503,-0.478,0
-0.643,0.52,0
-0.705,0.517,0
0.033,-0.456,0
-0.062,-0.46,0
0.062,0.549,0
0.174,-0.451,0
0.227,-0.448,0
0.346,-0.441,0
0.3,-0.443,0
0.262,-0.447,0
0.114,0.551,0
0.236,-0.448,0
0.171,-0.45,0
-0.232,-0.004,0
-0.717,1.772,0
-0.393,0.152,0
-0.089,-0.466,0
3.856,-0.249,0
2.679,-0.334,0
2.72,-0.338,0
2.693,-0.339,0
2.109,-0.365,0
2.006,-0.368,0
1.986,-0.334,0
0.536,0.079,0
0.953,0.101,0
0.196,0.061,0
0.484,0.076,0
0.851,0.096,0
0.742,0.09,0
0.708,0.088,0
0.824,0.094,0
0.18,0.061,0
0.947,-0.442,0
0.168,0.059,0
0.286,0.064,0
0.257,0.063,0
0.905,0.098,0
0.312,0.07,0
0.268,0.066,0
0.308,-0.472,0
0.285,0.071,0
0.458,0.078,0
0.48,0.081,0
0.41,0.079,0
0.563,-0.46,0
1.817,0.794,0
2.188,0.192,0
1.858,0.166,0
1.399,0.133,0
1.94,0.164,0
2.032,0.167,0
2.009,0.797,0
2.16,0.178,0
2.202,0.182,0
1.263,0.133,0
1.348,0.132,0
1.465,0.139,0
1.189,0.134,0
2.089,0.188,0
1.884,0.176,0
1.791,0.171,0
1.324,0.145,0
1.459,0.153,0
1.189,0.133,0
1.181,0.133,0
1.213,0.14,0
1.111,0.133,0
5.8,-0.146,0
3.933,0.919,0
3.777,0.279,0
3.99,0.291,0
3.317,0.254,0
3.085,0.242,0
2.725,0.222,0
2.401,0.205,0
3.02,-0.325,0
3.236,0.23,0
3.357,-0.307,0
3.303,-0.31,0
3.429,-0.303,0
4.352,-0.252,0
4.671,-0.234,0
5.35,-0.197,0
3.51,-0.297,0
3.483,0.243,0
4.062,-0.267,0
3.877,0.265,0
3.352,-0.307,0
3.945,0.269,0
3.955,-0.273,0
2.335,-0.362,0
2.265,0.808,0
2.003,-0.38,0
1.809,0.152,0
2.053,0.165,0
1.853,0.154,0
1.825,-0.391,0
0.617,0.087,0
1.12,0.114,0
0.549,0.078,0
1.101,-0.433,0
1.295,0.118,0
1.123,0.11,0
0.861,0.096,0
0.538,-0.462,0
0.372,0.072,0
0.192,0.064,0
2.054,-0.373,0
2.237,0.186,0
1.99,0.16,0
1.965,0.155,0
2.163,0.181,0
2.206,0.185,0
2.219,0.199,0
2.434,-0.35,0
1.958,0.793,0
1.941,0.79,0
2.044,0.803,0
0.417,0.07,0
0.416,0.07,0
0.453,0.071,0
-0.03,0.046,0
1.58,-0.404,0
1.067,-0.437,0
0.526,0.076,0
2.17,-0.374,0
2.14,-0.349,0
1.292,0.131,0
1.231,0.757,0
0.993,0.104,0
0.962,0.102,0
0.997,0.735,0
1.753,0.157,0
1.239,0.124,0
1.653,0.155,0
1.302,0.131,0
1.534,1.398,0
1.189,0.746,0
1.155,0.743,0
1.295,0.126,0
1.364,0.138,0
1.413,0.14,0
1.488,-0.393,0
2.081,-0.359,0
2.212,0.187,0
2.413,0.198,0
3.232,0.231,0
3.218,-0.304,0
1.931,0.259,0
1.985,0.173,0
2.065,0.178,0
2.396,0.205,0
2.678,0.217,0
2.595,0.212,0
2.947,0.232,0
2.636,-0.336,0
2.459,-0.346,0
2.319,-0.365,0
3.125,-0.312,0
2.891,-0.327,0
3.008,-0.33,0
3.079,-0.322,0
3.101,-0.325,0
2.058,-0.383,0
2.41,-0.364,0
2.03,-0.383,0
2.163,0.256,0
1.229,0.108,0
1.535,-0.419,0
1.467,-0.423,0
1.281,-0.432,0
1.422,-0.428,0
1.491,-0.424,0
1.29,0.106,0
1.35,0.11,0
1.349,0.111,0
1.41,-0.428,0
1.487,-0.423,0
1.81,-0.403,0
1.423,-0.413,0
1.534,-0.408,0
1.575,-0.406,0
0.818,0.097,0
0.756,0.724,0
1.561,-0.406,0
1.491,-0.409,0
1.601,-0.403,0
1.84,0.163,0
1.299,0.125,0
1.331,0.127,0
1.741,0.158,0
1.931,0.168,0
1.86,0.165,0
1.884,-0.381,0
0.503,0.076,0
1.25,0.117,0
1.106,-0.433,0
0.888,0.098,0
0.655,0.173,0
0.252,0.062,0
1.986,-0.382,0
1.641,-0.4,0
1.06,0.107,0
0.75,0.09,0
1.334,-0.419,0
1.126,-0.43,0
0.545,-0.462,0
0.097,-0.448,0
-0.197,-0.467,0
-0.147,0.167,0
-0.018,0.178,0
0.08,-0.451,0
0.02,-0.449,0
-0.238,1.173,0
-0.133,-0.457,0
-0.191,-0.46,0
-0.23,-0.461,0
-0.201,-0.463,0
-0.491,1.787,0
-0.222,-0.466,0
-0.297,0.163,0
-0.368,0.159,0
-0.31,-0.471,0
-0.247,-0.469,0
-0.212,-0.466,0
-0.367,0.154,0
-0.454,0.155,0
-0.397,-0.473,0
-0.49,0.15,0
-0.545,0.613,0
-0.447,-0.475,0
-0.387,-0.472,0
-0.512,0.152,0
-0.357,-0.47,0
-0.154,-0.46,0
-0.176,0.171,0
-0.236,-0.463,0
-0.146,-0.46,0
-0.294,-0.467,0
-0.318,-0.468,0
-0.537,0.151,0
-0.345,-0.469,0
-0.303,-0.467,0
-0.409,0.158,0
-0.2,-0.462,0
-0.147,-0.459,0
-0.217,-0.462,0
-0.149,-0.459,0
-0.419,-0.473,0
-0.47,-0.476,0
-0.571,-0.482,0
-0.528,-0.479,0
-0.635,-0.485,0
-0.827,1.141,0
-0.68,0.518,0
-0.992,1.132,0
-0.544,-0.48,0
-0.634,-0.485,0
-0.51,-0.478,0
-0.551,-0.481,0
-0.508,-0.478,0
-0.669,0.608,0
-0.165,-0.462,0
-0.323,-0.472,0
-0.163,0.167,0
-0.085,-0.459,0
-0.211,-0.465,0
-0.362,0.159,0
-0.34,-0.471,0
-0.391,-0.473,0
-0.419,0.154,0
-0.346,0.159,0
-0.276,-0.471,0
-0.346,-0.472,0
-0.4,1.158,0
-0.306,-0.469,0
-0.438,-0.478,0
-0.301,-0.471,0
-0.265,-0.468,0
-0.231,-0.467,0
-0.519,-0.48,0
-0.334,0.162,0
-0.192,-0.468,0
-0.309,-0.47,0
-0.363,0.153,0
-0.309,0.159,0
-0.259,-0.467,0
-0.359,0.161,0
-0.227,-0.463,0
-0.405,-0.471,0
-0.232,0.164,0
-0.52,-0.479,0
-0.378,-0.474,0
-0.176,-0.463,0
-0.133,-0.464,0
-0.128,-0.461,0
-0.208,-0.464,0
-0.093,-0.458,0
-0.178,-0.467,0
-0.209,-0.463,0
0.432,-0.429,0
0.703,-0.411,0
0.709,-0.415,0
0.897,-0.406,0
-0.798,0.768,0
-0.488,-0.478,0
-0.648,0.144,0
-0.654,-0.486,0
-0.659,-0.486,0
-0.521,-0.477,0
-0.288,-0.467,0
-0.36,0.16,0
-0.579,-0.483,0
0.174,0.197,0
0.133,-0.432,0
-0.011,-0.455,0
0.161,-0.444,0
-0.079,0.177,0
-0.162,0.172,0
-0.004,-0.454,0
0.07,-0.45,0
0.278,-0.438,0
-0.471,0.158,0
-0.391,-0.471,0
-0.539,0.152,0
-0.649,0.777,0
-0.362,-0.469,0
-0.385,-0.471,0
-0.465,-0.475,0
-0.411,-0.473,0
-0.398,-0.469,0
-0.604,-0.484,0
-0.452,-0.475,0
-0.341,-0.469,0
-0.32,-0.467,0
-0.323,-0.464,0
-0.18,-0.457,0
-0.563,-0.484,0
-0.505,1.158,0
-0.09,0.548,0
-0.07,-0.455,0
0.049,-0.442,0
0.158,-0.434,0
-0.182,-0.45,0
-0.15,0.18,0
-0.123,-0.452,0
0.098,-0.441,0
0.204,-0.443,0
-0.626,0.143,0
-0.381,-0.478,0
-0.446,-0.48,0
-0.738,1.141,0
-0.717,1.142,0
-0.46,0.151,0
-0.677,-0.489,0
-0.545,-0.482,0
-0.579,0.147,0
-0.531,-0.48,0
-0.589,-0.482,0
-0.35,-0.474,0
-0.406,-0.476,0
-0.53,-0.482,0
-0.241,-0.472,0
-0.583,-0.483,0
-0.533,-0.482,0
-0.684,0.142,0
-0.305,-0.472,0
-0.209,-0.469,0
-0.928,1.134,0
-0.785,1.141,0
-0.767,1.142,0
-0.845,1.138,0
-0.57,0.148,0
-0.357,-0.475,0
-0.692,1.146,0
-0.736,1.144,0
-0.462,0.153,0
-0.588,0.522,0
-0.505,-0.48,0
-0.577,0.147,0
-0.818,1.14,0
-0.677,1.144,0
-0.895,1.137,0
-0.877,1.138,0
-0.424,-0.477,0
-1.045,1.76,0
0.12,-0.458,0
0.171,-0.456,0
-0.022,0.167,0
0.227,-0.449,0
0.189,-0.453,0
0.229,-0.451,0
0.163,-0.457,0
0.253,-0.447,0
0.249,-0.449,0
0.224,-0.451,0
0.241,0.182,0
0.09,-0.461,0
0.094,-0.46,0
0.202,-0.453,0
0.1,0.174,0
0.248,-0.449,0
0.231,-0.45,0
-0.476,0.151,0
-0.498,0.152,0
-0.551,0.15,0
-0.557,0.146,0
-0.491,0.153,0
0.295,0.702,0
-0.466,-0.473,0
-0.389,-0.468,0
-0.494,0.53,0
-0.256,-0.463,0
-0.117,-0.456,0
-0.666,1.783,0
-0.167,-0.459,0
-0.348,0.794,0
-0.491,1.161,0
-0.476,1.161,0
-0.481,1.161,0
-0.281,0.166,0
-0.243,-0.461,0
-0.255,-0.462,0
-0.345,0.164,0
-0.25,-0.462,0
-0.23,-0.461,0
-0.569,1.156,0
-0.297,-0.465,0
-0.168,-0.459,0
0.167,-0.443,0
-0.03,-0.451,0
-0.065,-0.453,0
-0.405,-0.469,0
-0.403,-0.469,0
-0.25,-0.463,0
-0.087,-0.454,0
-0.27,-0.464,0
0.129,-0.446,0
-0.368,1.798,0
-0.036,-0.452,0
-0.286,1.171,0
-0.175,0.546,0
0.065,-0.448,0
0.074,-0.448,0
0.019,-0.45,0
-0.03,-0.452,0
-0.093,-0.458,0
0.015,-0.453,0
-0.08,-0.458,0
-0.243,-0.466,0
-0.192,-0.462,0
-0.102,-0.456,0
-0.063,-0.454,0
-0.001,-0.451,0
-0.168,-0.459,0
-0.276,-0.467,0
-0.638,-0.485,0
-0.53,-0.479,0
-0.837,1.142,0
-0.554,-0.478,0
-0.872,1.142,0
-0.86,1.141,0
-0.535,-0.478,0
-0.58,-0.483,0
-0.733,1.147,0
-0.571,-0.483,0
-0.536,-0.48,0
-0.581,-0.483,0
-0.664,0.144,0
-0.383,-0.006,0
-0.595,0.612,0
-0.524,-0.48,0
-0.482,-0.477,0
-0.152,-0.459,0
-0.412,-0.475,0
-0.552,-0.483,0
-0.56,-0.481,0
-0.535,-0.479,0
-0.614,-0.483,0
-0.685,-0.488,0
-0.573,-0.482,0
-0.659,-0.487,0
-0.721,-0.489,0
-0.601,-0.483,0
-0.514,-0.481,0
-0.557,-0.483,0
-0.577,-0.484,0
-0.528,-0.479,0
-1.052,1.76,0
-0.043,-0.464,0
-0.13,-0.468,0
-0.316,1.159,0
-0.421,1.151,0
-0.158,-0.47,0
-0.419,1.151,0
-0.331,0.527,0
-0.097,0.163,0
-0.163,0.163,0
-0.018,-0.457,0
-0.123,-0.461,0
-0.362,0.532,0
-0.43,0.529,0
-0.229,-0.466,0
-0.308,-0.47,0
-0.129,-0.461,0
0.149,-0.446,0
0.086,-0.449,0
-0.274,-0.469,0
-0.325,-0.47,0
-0.378,-0.473,0
-0.608,1.15,0
-0.065,-0.458,0
-0.29,-0.468,0
-0.387,-0.473,0
-0.345,-0.471,0
-0.471,-0.479,0
0.063,0.012,0
-0.387,-0.474,0
-0.311,-0.47,0
-0.352,-0.473,0
-0.413,-0.475,0
-0.41,-0.475,0
-0.411,-0.475,0
-0.396,-0.475,0
-0.318,-0.471,0
5.594,-0.184,0
-0.593,1.145,0
-0.125,-0.464,0
-0.121,-0.464,0
-0.168,-0.466,0
-0.475,0.529,0
-0.5,1.159,0
-0.16,-0.464,0
-0.273,0.162,0
-0.405,0.528,0
-0.352,-0.472,0
-0.693,0.516,0
-0.732,0.514,0
-0.466,0.524,0
-0.41,-0.474,0
-0.32,0.158,0
-0.316,-0.472,0
-0.313,-0.474,0
-0.26,-0.471,0
-0.626,0.143,0
-0.515,-0.481,0
-0.319,-0.473,0
-0.686,1.146,0
-0.686,1.145,0
-0.363,-0.473,0
-0.417,-0.475,0
-0.586,0.518,0
-0.012,0.174,0
-0.342,-0.472,0
-0.387,-0.474,0
-0.282,-0.47,0
-0.341,-0.472,0
-0.467,0.151,0
-0.193,-0.467,0
-0.261,-0.468,0
-0.256,-0.468,0
-0.403,0.53,0
-0.579,0.523,0
-0.655,0.519,0
-0.61,0.52,0
-0.231,-0.468,0
-0.55,0.523,0
-0.259,-0.468,0
-0.161,-0.467,0
-0.511,1.149,0
-0.386,0.53,0
-0.511,1.149,0
-0.335,-0.476,0
-0.277,-0.472,0
-0.446,-0.48,0
-0.462,-0.477,0
-0.528,0.147,0
-0.418,0.15,0
-0.495,-0.481,0
-0.24,-0.471,0
-0.526,0.146,0
-0.275,-0.47,0
-0.178,-0.464,0
-0.47,1.155,0
-0.231,-0.468,0
-0.505,0.524,0
-0.264,-0.468,0
-0.245,-0.468,0
-0.231,-0.466,0
-0.24,-0.468,0
-0.26,-0.469,0
-0.228,-0.467,0
-0.226,-0.467,0
-0.323,-0.472,0
-0.242,-0.467,0
-0.346,0.531,0
-0.141,-0.463,0
-0.257,-0.468,0
-0.574,-0.482,0
-0.444,-0.472,0
-0.462,-0.473,0
-0.181,-0.458,0
-0.304,0.166,0
-0.608,-0.481,0
-0.5,-0.476,0
-0.622,-0.484,0
-0.299,-0.464,0
-0.254,-0.461,0
-0.163,-0.457,0
-0.306,0.166,0
-0.743,1.148,0
-0.484,-0.475,0
-0.446,-0.474,0
-0.616,0.523,0
-0.399,-0.471,0
-0.396,-0.471,0
-0.467,-0.474,0
-0.251,-0.468,0
-0.469,-0.472,0
-0.437,0.156,0
-0.245,-0.464,0
-0.407,-0.47,0
-0.412,-0.472,0
-0.948,2.769,1
-1.096,2.759,1
-1.133,2.757,1
-1.062,2.76,1
-1.042,2.131,1
-1.056,2.13,1
-1.013,2.132,1
-0.986,2.134,1
-0.424,-1.738,1
-0.163,-1.726,1
-0.669,0.602,1
-0.617,-0.025,1
-1.069,2.129,1
-0.85,0.593,1
-0.697,0.511,1
-0.893,2.138,1
-0.96,2.765,1
-0.894,2.138,1
-0.967,2.134,1
-0.783,1.138,1
-0.969,2.134,1
-0.36,-1.731,1
-0.648,-0.652,1
-0.463,-1.736,1
-0.326,-1.731,1
-0.813,1.227,1
-0.949,2.138,1
-0.978,2.137,1
-0.938,2.139,1
-0.825,1.136,1
-0.9,1.763,1
-0.889,2.14,1
-0.728,1.141,1
-0.555,-0.023,1
-0.611,0.516,1
-0.773,1.138,1
-0.67,0.513,1
-0.989,2.133,1
-0.96,2.134,1
-0.993,2.132,1
-0.973,2.134,1
-0.96,2.134,1
-0.785,0.596,1
-0.922,2.764,1
-1.024,2.764,1
-1.06,2.13,1
-1.034,2.762,1
-1.093,2.758,1
-0.951,2.136,1
-0.774,0.506,1
-0.769,1.14,1
-1.097,2.758,1
-1.051,2.13,1
-0.998,2.133,1
-0.932,1.506,1
-0.97,2.135,1
-0.953,2.136,1
-1.037,2.131,1
-0.951,2.136,1
-0.962,2.136,1
-0.779,0.597,1
-1.022,2.763,1
-0.96,2.136,1
-0.835,1.225,1
-1.027,2.763,1
-0.833,1.225,1
-0.967,2.135,1
-1.022,2.764,1
-1.02,2.132,1
-1.095,2.759,1
-1.08,2.76,1
-1.007,2.133,1
-1.025,2.763,1
-1.053,2.761,1
0.579,0.048,1
-1.097,2.759,1
-1.032,2.131,1
-0.247,1.17,1
-0.102,1.18,1
-0.107,0.546,1
-0.019,2.189,1
-0.773,1.769,1
-0.095,1.83,1
-0.86,1.135,1
-0.743,0.51,1
-0.856,1.135,1
-0.924,1.762,1
-0.757,1.143,1
-0.806,1.771,1
-0.75,1.143,1
-0.688,0.516,1
-0.383,2.665,1
-0.193,1.67,1
-0.22,2.299,1
-0.261,2.297,1
-0.262,2.297,1
-0.221,2.299,1
-0.241,2.298,1
-0.247,2.298,1
-0.214,1.757,1
-0.241,2.298,1
-0.161,1.129,1
-0.158,1.129,1
-0.445,3.293,1
-0.186,1.67,1
-0.376,2.666,1
-0.325,2.668,1
-0.409,3.295,1
-0.408,3.295,1
-0.346,2.667,1
-0.344,2.667,1
-0.412,3.295,1
-0.334,2.668,1
-0.402,3.295,1
-0.419,3.294,1
-0.414,3.294,1
-0.407,3.294,1
-0.394,3.296,1
-0.407,3.294,1
-0.405,3.295,1
-0.407,3.294,1
-0.394,3.295,1
-0.254,1.671,1
-0.332,2.667,1
-0.416,3.294,1
-0.422,3.293,1
-0.142,1.672,1
-0.347,2.666,1
-0.35,2.666,1
-0.295,2.67,1
-0.396,3.295,1
-0.42,3.294,1
-0.431,3.294,1
-0.383,3.296,1
-0.252,2.298,1
-0.435,3.293,1
-0.425,3.294,1
-0.397,3.296,1
-0.362,3.297,1
-0.398,3.295,1
-0.399,3.295,1
-0.397,3.295,1
-0.433,3.294,1
-0.369,2.666,1
-0.415,3.294,1
-0.396,3.295,1
-0.428,3.294,1
-0.436,3.293,1
-0.366,2.666,1
-0.147,1.038,1
-0.436,3.293,1
-0.179,1.671,1
-0.149,1.038,1
-0.385,3.296,1
-0.413,3.295,1
-0.428,3.294,1
-0.423,3.294,1
-0.172,1.671,1
-0.422,3.294,1
-0.426,3.294,1
-0.176,1.671,1
-0.436,3.294,1
-0.178,1.671,1
-0.198,1.67,1
-0.433,3.294,1
-0.091,0.411,1
-0.343,2.668,1
-0.088,0.411,1
-0.146,1.673,1
-0.105,0.41,1
-0.163,1.038,1
-0.113,0.409,1
-0.131,1.039,1
-0.094,0.41,1
-0.153,1.038,1
-0.405,3.294,1
-0.142,1.672,1
-0.14,1.038,1
-0.406,3.295,1
-0.16,1.037,1
-0.412,3.294,1
-0.414,3.294,1
-0.408,3.295,1
-0.408,3.294,1
-0.416,3.294,1
-0.42,3.294,1
-0.122,1.131,1
-0.087,1.134,1
-0.121,1.761,1
-0.174,2.3,1
-0.365,3.297,1
-0.349,3.297,1
-0.14,1.761,1
-0.171,1.674,1
-0.368,3.296,1
-0.872,1.134,1
-0.865,0.592,1
-0.667,0.606,1
-0.799,0.596,1
-1.07,2.129,1
-0.87,0.592,1
-0.735,0.598,1
-0.703,0.513,1
-0.876,0.592,1
-0.935,1.762,1
-0.968,2.135,1
-1.069,2.129,1
-1.05,2.13,1
-1.123,2.757,1
-1.056,2.13,1
-1.05,2.13,1
-1.102,2.758,1
-1.05,2.13,1
-0.794,1.768,1
-0.737,0.598,1
-1.117,2.757,1
-1.085,2.759,1
-0.865,1.135,1
-0.879,0.591,1
-1.071,2.76,1
-1.119,2.215,1
-1.123,2.757,1
-1.094,2.759,1
-0.392,0.613,1
-0.673,-0.66,1
-0.862,0.875,1
-0.633,-1.287,1
-0.45,-1.111,1
-0.864,0.592,1
-0.804,-0.665,1
-1.129,2.757,1
-1.061,2.13,1
-1.063,2.129,1
-1.068,2.129,1
-0.867,0.592,1
-0.792,-0.035,1
-0.712,-0.031,1
-1.029,2.131,1
-0.826,0.594,1
-1.02,2.132,1
-0.984,2.136,1
-0.861,0.592,1
-1.122,2.757,1
-1.117,2.758,1
-1.06,2.13,1
-1.055,2.13,1
-1.037,2.131,1
-1.129,2.757,1
-1.115,2.758,1
-1.047,2.131,1
-1.048,2.13,1
-1.12,2.757,1
-1.128,2.757,1
-0.918,1.22,1
-1.049,2.131,1
-1.115,2.758,1
-1.12,2.757,1
-1.119,2.757,1
-1.069,2.129,1
-0.87,1.135,1
-1.109,2.758,1
-1.041,2.131,1
-1.109,2.758,1
-1.109,2.758,1
-1.048,2.131,1
-1.063,2.129,1
-1.117,2.758,1
-0.981,1.503,1
-1.049,2.13,1
-1.125,2.757,1
-0.861,0.592,1
-1.055,2.13,1
-1.123,2.757,1
-1.131,2.757,1
-1.12,2.757,1
-0.924,2.767,1
-0.578,-1.284,1
-0.511,-0.022,1
-1.059,2.13,1
-0.97,0.958,1
-1.069,2.129,1
-1.065,2.129,1
-0.54,2.147,1
-0.335,1.152,1
-0.214,0.616,1
-0.386,-0.02,1
-0.326,0.619,1
-0.736,0.6,1
-0.399,1.779,1
-0.494,-0.02,1
-0.74,0.51,1
-0.795,0.507,1
-0.787,0.508,1
-0.783,0.508,1
-1.051,2.13,1
-1.053,2.13,1
-1.057,2.13,1
-0.737,0.511,1
-0.852,1.135,1
-0.8,0.507,1
-1.116,2.758,1
-0.146,0.536,1
-0.262,1.16,1
-0.486,2.785,1
-0.215,0.626,1
0.15,0.636,1
0.115,1.177,1
-0.86,0.592,1
-0.508,1.148,1
-0.376,-0.647,1
-0.492,2.779,1
-0.843,0.593,1
-0.869,0.592,1
-0.922,1.762,1
-0.764,1.14,1
-0.773,0.508,1
-0.845,1.135,1
-0.905,1.221,1
-0.917,1.762,1
-0.828,1.136,1
-0.854,1.135,1
-0.849,1.136,1
-0.85,1.136,1
-0.848,1.136,1
-0.847,1.136,1
-0.837,1.136,1
-0.835,1.136,1
-0.917,1.763,1
-0.831,0.594,1
-1.057,2.13,1
-1.056,2.13,1
-0.878,1.223,1
-0.879,1.223,1
-0.732,-0.032,1
-0.881,1.223,1
-1.096,2.758,1
5.439,1.889,1
3.068,0.715,1
2.376,1.278,1
2.444,0.651,1
1.011,1.762,1
0.246,1.784,1
0.045,1.055,1
0.071,1.056,1
-0.083,1.683,1
-0.047,2.053,1
-0.204,3.307,1
0.334,1.704,1
0.057,1.685,1
0.105,1.694,1
-0.18,3.314,1
0.154,1.064,1
0.299,1.074,1
-0.031,2.692,1
0.267,1.703,1
1.287,2.764,1
1.512,1.771,1
0.814,2.119,1
0.964,1.12,1
0.598,2.104,1
0.944,1.118,1
0.927,1.118,1
0.882,1.747,1
0.879,1.113,1
0.679,0.56,1
0.672,1.102,1
0.308,2.714,1
0.384,1.718,1
0.388,1.079,1
0.633,1.099,1
0.53,1.087,1
0.465,1.084,1
0.243,2.708,1
0.462,1.716,1
0.322,1.076,1
0.619,1.099,1
0.52,1.092,1
0.202,3.342,1
0.265,2.715,1
0.468,1.719,1
0.286,2.717,1
0.458,1.719,1
0.284,2.715,1
0.472,1.177,1
0.592,1.095,1
0.928,1.118,1
1.407,1.787,1
0.994,1.761,1
0.885,1.757,1
0.768,3.384,1
2.348,1.834,1
4.186,1.283,1
3.361,1.869,1
1.86,1.156,1
1.969,1.162,1
1.796,2.414,1
0.341,1.073,1
0.839,2.737,1
-0.165,3.313,1
1.145,1.117,1
0.121,1.061,1
0.132,1.061,1
0.045,1.688,1
2.199,3.463,1
0.133,1.69,1
0.273,1.068,1
-0.262,2.672,1
-0.058,3.312,1
1.592,0.626,1
1.046,1.598,1
0.982,2.38,1
0.796,2.361,1
2.837,1.854,1
2.181,1.821,1
2.228,0.643,1
0.982,2.352,1
1.229,2.387,1
-0.178,1.671,1
-0.364,2.666,1
0.5,1.081,1
-0.084,3.316,1
-0.362,2.667,1
-0.172,1.671,1
-0.18,1.128,1
-0.169,1.671,1
0.121,1.691,1
0.094,1.689,1
-0.418,3.294,1
-0.249,2.298,1
-0.43,3.294,1
-0.199,1.67,1
0.084,1.686,1
0.216,1.063,1
-0.159,2.679,1
-0.073,1.046,1
-0.158,1.672,1
-0.227,2.299,1
-0.176,1.671,1
-0.165,1.672,1
-0.184,1.671,1
-0.17,1.672,1
-0.089,0.502,1
-0.184,1.671,1
0.113,1.146,1
-0.45,1.155,1
-0.584,0.512,1
-0.756,2.143,1
-0.778,2.141,1
-0.77,2.142,1
-0.647,-0.662,1
-0.648,-0.662,1
-0.652,-0.662,1
-0.652,-0.662,1
-0.355,1.162,1
-1.051,2.761,1
0.625,-2.226,1
0.663,-2.222,1
-1.006,1.59,1
-1.047,1.588,1
-0.859,0.501,1
-0.86,1.223,1
-1.115,2.758,1
-1.038,2.131,1
-1.122,2.757,1
-1.037,2.131,1
-1.141,2.756,1
-1.028,2.131,1
-1.029,2.131,1
-0.988,2.134,1
-0.52,2.153,1
-0.528,2.152,1
-0.53,2.152,1
-0.683,2.774,1
-0.355,1.786,1
0.267,2.823,1
-0.612,-0.491,1
-1.108,2.758,1
0.168,-0.438,1
-0.126,0.387,1
-0.41,0.527,1
0.046,-1.716,1
-0.664,2.147,1
-0.73,2.774,1
-0.215,-1.726,1
-0.827,1.771,1
-0.682,1.778,1
-1.134,2.757,1
-0.921,2.766,1
-0.42,-0.017,1
-0.565,2.153,1
-0.665,2.777,1
-0.374,0.537,1
-0.681,1.141,1
-1.06,2.762,1
0.199,1.819,1
-0.116,-1.093,1
-0.785,1.769,1
-0.644,0.513,1
-0.737,-0.119,1
-1.049,2.13,1
-0.852,0.593,1
-0.904,2.136,1
-0.714,0.507,1
-0.799,1.136,1
-0.89,2.137,1
-0.891,2.765,1
-0.986,2.133,1
-0.904,1.221,1
-0.696,1.142,1
-0.667,2.773,1
-0.352,-0.65,1
-0.431,0.607,1
0.129,-1.09,1
-0.266,2.156,1
-0.147,1.788,1
-0.303,1.16,1
-0.566,2.154,1
-0.693,1.143,1
-0.295,2.673,1
-0.287,2.673,1
-0.166,2.305,1
-0.009,1.052,1
-0.084,1.679,1
-0.096,1.678,1
-0.095,1.678,1
-0.086,1.679,1
-0.167,2.305,1
-0.088,1.678,1
-0.278,2.674,1
-0.346,3.301,1
-0.274,2.675,1
-0.275,2.674,1
-0.056,1.68,1
-0.074,1.68,1
-0.028,1.683,1
-0.004,1.684,1
-0.078,1.68,1
0.132,1.693,1
-0.128,1.675,1
-0.144,1.674,1
-0.16,1.673,1
-0.164,1.673,1
-0.148,1.673,1
-0.157,1.673,1
-0.445,3.293,1
-0.198,1.67,1
-0.2,1.67,1
-0.193,1.67,1
-0.144,1.674,1
-0.143,1.674,1
-0.165,1.672,1
-0.142,1.674,1
-0.104,1.677,1
-0.425,3.295,1
-0.162,1.672,1
-0.566,1.783,1
-0.384,2.168,1
-0.278,1.163,1
-0.345,1.79,1
-0.6,2.786,1
-0.709,1.771,1
-0.64,1.144,1
-0.461,-0.017,1
-0.528,1.153,1
-1.06,2.13,1
-0.853,2.143,1
-1.047,2.218,1
-0.633,0.518,1
-0.682,1.143,1
-0.7,1.143,1
-0.89,2.14,1
-0.889,2.14,1
-0.83,0.594,1
-1.053,2.13,1
-1.12,2.758,1
-1.12,2.758,1
-1.008,2.133,1
-0.887,1.223,1
-0.317,0.523,1
-0.162,-1.106,1
-0.576,2.146,1
-0.385,1.15,1
-0.643,2.773,1
-0.455,2.154,1
-0.607,2.151,1
-0.674,2.778,1
-0.411,-0.645,1
-0.514,0.979,1
-0.81,2.14,1
-0.617,0.603,1
-1.034,2.131,1
-0.444,0.606,1
-0.654,2.143,1
-0.456,0.613,1
-0.464,-0.648,1
-0.225,0.527,1
-0.153,-1.097,1
-0.073,-1.094,1
-0.785,2.77,1
-0.699,1.517,1
-0.486,1.525,1
-0.634,1.773,1
-0.762,2.141,1
-0.728,2.142,1
-0.764,2.141,1
-0.764,2.141,1
-0.773,-0.665,1
-0.88,2.136,1
-0.758,2.141,1
-0.765,2.14,1
-0.83,2.768,1
-0.741,2.145,1
-0.74,2.145,1
-0.543,0.516,1
-0.609,1.143,1
-0.504,-0.025,1
-0.531,-0.026,1
-0.572,0.601,1
-0.586,0.604,1
-0.623,0.599,1
-0.844,2.135,1
-0.856,2.765,1
-0.626,1.142,1
-0.602,1.143,1
-0.734,2.14,1
-0.902,2.763,1
-0.91,2.763,1
-0.843,2.135,1
-0.688,1.77,1
-0.837,2.136,1
-0.77,2.139,1
-0.368,0.527,1
-0.589,1.146,1
-0.66,1.14,1
-0.797,2.138,1
-0.739,2.775,1
-0.592,2.778,1
-0.462,2.153,1
-0.471,2.152,1
-0.748,2.14,1
-0.753,2.139,1
-0.778,2.772,1
-0.712,2.144,1
-0.421,0.523,1
-0.505,0.608,1
-0.038,-1.721,1
-0.491,1.782,1
-0.319,0.528,1
-0.672,2.147,1
-0.694,2.145,1
-0.709,2.145,1
-0.712,2.144,1
-0.708,1.146,1
-0.598,1.151,1
-0.435,1.161,1
-0.435,1.161,1
-0.37,-0.009,1
-0.417,0.617,1
-0.21,0.628,1
-0.273,1.626,1
-0.144,0.628,1
-0.086,-0.365,2
-0.024,-0.993,2
-0.101,-0.997,2
-0.367,-0.382,2
-0.064,-0.996,2
-0.036,-0.99,2
-0.469,-1.016,2
-0.306,-1.01,2
-0.336,-1.011,2
-0.029,-0.992,2
-0.238,-1.0,2
-0.18,-1.001,2
-0.101,-0.992,2
0.19,-0.978,2
-0.162,-0.999,2
-0.164,-1.002,2
-0.595,-0.396,2
-0.486,-1.022,2
-0.566,-0.395,2
-0.098,-0.369,2
-0.514,-0.391,2
-0.478,-0.392,2
-0.439,-1.019,2
-0.586,-0.395,2
-0.54,-0.391,2
-0.471,-0.388,2
-0.342,-1.012,2
-0.496,-0.389,2
-0.467,-0.386,2
-0.601,-0.395,2
-0.612,-0.396,2
-0.601,-0.394,2
-0.466,-1.019,2
-0.359,-1.012,2
-0.279,-1.007,2
-0.357,-0.38,2
-0.399,-0.383,2
-0.456,-0.388,2
-0.521,-1.022,2
-0.452,-1.018,2
-0.649,-0.398,2
-0.574,-1.025,2
-0.525,-1.017,2
-0.535,-0.388,2
-0.468,-1.015,2
-0.392,-1.01,2
-0.517,-1.018,2
-0.44,-0.384,2
-0.373,-1.011,2
-0.385,-1.011,2
-0.401,-1.015,2
-0.52,-0.39,2
-0.412,-1.013,2
-0.367,-1.013,2
-0.412,-0.384,2
-0.386,-1.012,2
-0.558,-0.391,2
-0.337,-1.012,2
-0.479,-0.384,2
-0.443,-1.013,2
-0.458,-1.012,2
-0.127,-0.997,2
-0.343,-1.01,2
-0.457,-1.015,2
-0.116,-0.996,2
-0.254,-1.004,2
-0.43,-1.012,2
-0.383,-1.009,2
-0.489,-1.019,2
-0.444,-1.017,2
-0.465,-1.018,2
-0.415,-1.015,2
-0.354,-1.011,2
-0.627,-1.026,2
-0.558,-1.022,2
-0.54,-0.39,2
-0.421,-0.384,2
-0.365,-1.012,2
-0.461,-1.016,2
-0.49,-1.018,2
-0.574,-1.024,2
-0.352,-1.01,2
-0.469,-0.387,2
-0.285,-1.007,2
-0.455,-1.017,2
-0.503,-0.388,2
-0.558,-0.391,2
-0.374,-1.012,2
-0.351,-1.011,2
-0.493,-1.019,2
-0.476,-1.019,2
-0.392,-1.014,2
-0.723,-0.403,2
-0.421,-1.018,2
-0.57,-0.392,2
-0.521,-1.021,2
-0.276,-1.012,2
-0.284,-1.011,2
-0.325,-1.013,2
-0.404,-0.386,2
-0.553,-1.023,2
-0.629,-0.396,2
-0.486,-1.021,2
-0.337,-1.015,2
-0.379,-1.014,2
-0.317,-1.011,2
-0.51,-0.391,2
-0.634,-0.396,2
-0.324,-1.011,2
-0.776,-0.404,2
-0.075,-0.997,2
-0.446,-1.017,2
0.586,-0.963,2
-0.408,-1.015,2
-0.05,-0.996,2
0.916,-0.942,2
0.463,-0.967,2
0.401,-0.975,2
-0.288,-1.005,2
-0.301,-1.006,2
-0.407,-1.016,2
0.81,-0.944,2
0.54,-0.96,2
-0.193,-1.004,2
-0.258,-1.005,2
-0.271,-1.005,2
-0.167,-1.0,2
0.406,-0.971,2
0.398,-0.968,2
0.441,-0.966,2
-0.003,-0.993,2
-0.324,-1.012,2
-0.512,-1.022,2
-0.38,-1.013,2
-0.333,-1.009,2
0.052,-0.99,2
0.487,-0.966,2
0.374,-0.964,2
0.147,-0.968,2
0.244,-0.962,2
0.259,-0.96,2
0.384,-0.95,2
0.512,-0.965,2
0.239,-0.98,2
0.219,-0.979,2
0.316,-0.975,2
0.579,-0.959,2
-0.17,-1.001,2
-0.286,-1.008,2
0.013,-0.993,2
0.195,-0.982,2
-0.399,-0.387,2
-0.588,-0.397,2
-0.228,-1.009,2
-0.042,-0.998,2
-0.446,-0.393,2
-0.2,-0.384,2
-0.104,-0.378,2
-0.255,-0.375,2
-0.669,-1.031,2
-0.098,-1.0,2
-0.582,-1.026,2
-0.538,-1.021,2
-0.549,-1.02,2
-0.77,0.229,2
-0.553,-1.019,2
-0.683,-1.029,2
-0.812,0.225,2
-0.063,-0.997,2
-0.6,-0.395,2
-0.192,-0.371,2
-0.187,-1.002,2
-0.62,-0.396,2
-0.432,-1.017,2
-0.629,-0.396,2
-0.35,-1.012,2
-0.268,-1.007,2
-0.604,-1.026,2
-0.532,-1.022,2
-0.467,-1.019,2
-0.619,-1.025,2
-0.433,-1.015,2
-0.538,-1.022,2
-0.495,-1.021,2
-0.411,-1.015,2
-0.485,-0.386,2
-0.473,-1.019,2
-0.409,-1.016,2
-0.577,-1.025,2
-0.674,-0.4,2
-0.525,-0.391,2
-0.395,-1.016,2
-0.34,-1.014,2
-0.471,-0.387,2
-0.528,-0.388,2
-0.465,-1.015,2
-0.548,-0.388,2
-0.495,-1.014,2
-0.42,-0.38,2
-0.643,-1.026,2
-0.677,-1.03,2
-0.657,-1.029,2
-0.424,-1.013,2
-0.516,-1.016,2
-0.463,-1.014,2
-0.428,-1.015,2
-0.62,-0.397,2
-0.618,-1.026,2
-0.679,-1.028,2
-0.596,-1.025,2
-0.504,-1.02,2
-0.547,-0.391,2
0.141,-0.35,2
-0.312,-1.007,2
-0.677,-0.397,2
-0.38,-1.012,2
-0.543,-1.02,2
-0.617,-1.023,2
-0.623,-1.026,2
-0.664,-1.03,2
-0.508,-1.021,2
-0.388,-1.015,2
-0.237,-1.01,2
-0.393,-1.015,2
-0.212,-0.377,2
-0.246,-1.011,2
-0.322,-0.384,2
-0.389,-0.384,2
-0.447,-1.019,2
-0.546,-1.025,2
-0.52,-1.018,2
-0.522,-0.387,2
-0.486,-0.388,2
-0.633,-1.029,2
-0.477,-1.018,2
-0.478,-1.019,2
-0.449,-1.017,2
-0.333,-1.009,2
-0.473,-1.019,2
-0.552,-1.023,2
-0.465,-0.388,2
-0.731,-1.033,2
-0.759,-0.405,2
-0.461,-1.018,2
-0.495,-1.018,2
-0.545,-1.02,2
-0.587,-1.023,2
-0.429,-1.017,2
-0.413,-1.017,2
-0.446,-0.388,2
-0.335,-1.013,2
-0.448,-1.019,2
-0.415,-1.018,2
-0.435,-0.388,2
-0.505,-1.021,2
-0.429,-1.016,2
-0.606,-0.395,2
-0.385,-1.014,2
-0.397,-1.015,2
-0.522,-1.021,2
-0.462,-0.388,2
-0.439,-1.019,2
-0.505,-0.392,2
-0.456,-1.02,2
-0.352,-1.012,2
-0.046,-0.998,2
0.123,-0.988,2
-0.647,-1.028,2
-0.529,-1.02,2
-0.036,-0.372,2
-0.399,-1.015,2
-0.471,-1.019,2
-0.466,-1.018,2
-0.483,-1.019,2
0.038,-0.992,2
0.054,-0.99,2
0.025,-1.0,2
-0.147,-1.014,2
-0.113,-1.005,2
-0.49,-0.396,2
-0.582,-1.023,2
-0.559,-1.023,2
0.093,-0.992,2
0.158,-0.986,2
-0.574,-1.024,2
-0.286,-1.011,2
-0.413,-1.014,2
-0.431,-1.017,2
-0.449,-1.018,2
-0.533,-1.023,2
-0.506,-1.02,2
-0.672,-0.399,2
-0.57,-1.025,2
-0.699,-1.031,2
-0.602,-1.025,2
-0.514,-1.022,2
-0.485,-1.021,2
-0.562,-1.025,2
-0.565,-1.024,2
-0.509,-1.019,2
-0.494,-1.019,2
-0.54,-1.023,2
-0.526,-1.022,2
-0.598,-1.026,2
-0.617,-1.025,2
-0.675,-1.029,2
-0.675,-1.03,2
-0.687,-1.03,2
-0.697,-1.03,2
-0.649,-1.028,2
-0.663,-1.029,2
-0.78,-0.405,2
-0.72,-1.032,2
-0.554,-1.024,2
-0.609,-1.026,2
-0.663,-1.03,2
-0.586,-1.026,2
-0.691,-1.031,2
-0.711,-1.032,2
-0.685,-1.03,2
-0.65,-1.027,2
-0.667,-1.029,2
-0.663,-1.029,2
-0.698,-1.031,2
-0.667,-1.028,2
-0.646,-1.027,2
-0.713,-0.4,2
-0.658,-1.029,2
-0.603,-0.395,2
-0.769,-0.404,2
-0.69,-1.031,2
-0.697,-1.03,2
-0.674,-1.029,2
-0.74,-0.402,2
-0.653,-1.028,2
-0.63,-1.027,2
-0.686,-1.031,2
-0.732,-0.402,2
-0.499,-1.02,2
-0.692,-0.4,2
-0.368,-1.01,2
-0.647,-0.397,2
-0.593,-1.025,2
-0.626,-0.392,2
-0.591,-1.025,2
-0.523,-1.019,2
-0.487,-1.02,2
-0.395,-1.013,2
-0.535,-0.389,2
-0.377,-0.38,2
-0.496,-1.02,2
-0.677,-1.03,2
-0.557,-1.023,2
-0.649,-0.396,2
-0.604,-1.025,2
-0.523,-1.021,2
-0.758,-0.403,2
-0.626,-1.027,2
-0.701,-0.4,2
-0.66,-1.029,2
-0.629,-1.027,2
-0.627,-1.027,2
-0.778,-0.404,2
-0.602,-1.026,2
-0.541,-1.023,2
-0.609,-0.395,2
-0.707,-0.4,2
-0.496,-1.02,2
-0.472,-1.019,2
-0.467,-1.019,2
-0.464,-1.018,2
-0.434,-1.019,2
-0.576,-0.396,2
0.14,-0.988,2
0.287,-0.988,2
-0.487,-0.391,2
-0.418,-1.018,2
-0.495,-1.02,2
-0.37,-1.015,2
-0.41,-1.018,2
-0.485,-1.023,2
-0.5,-1.023,2
-0.492,-1.022,2
-0.532,-1.022,2
-0.634,-0.396,2
-0.566,-1.023,2
-0.505,-1.021,2
-0.499,-1.023,2
-0.114,-1.005,2
0.006,-1.0,2
-0.076,-1.005,2
-0.222,-1.009,2
-0.167,-1.007,2
-0.264,-1.01,2
-0.387,-0.386,2
-0.339,-1.015,2
-0.364,-1.016,2
-0.12,-1.006,2
-0.289,-1.011,2
-0.273,-1.01,2
-0.292,-1.011,2
-0.218,-1.01,2
-0.321,-1.019,2
-0.342,-1.018,2
-0.217,-1.015,2
-0.306,-1.018,2
-0.26,-1.017,2
-0.152,-1.011,2
-0.229,-1.016,2
-0.297,-1.013,2
-0.275,-1.017,2
-0.282,-1.018,2
-0.256,-1.016,2
-0.254,-1.014,2
-0.213,-1.006,2
-0.241,-1.009,2
-0.274,-1.011,2
-0.283,-1.008,2
-0.404,-1.016,2
-0.402,-1.019,2
-0.486,-1.019,2
-0.516,-1.021,2
-0.303,-1.01,2
-0.428,-1.018,2
-0.596,-1.026,2
-0.525,-0.391,2
-0.444,-1.018,2
-0.515,-1.022,2
-0.537,-1.023,2
-0.511,-1.022,2
-0.478,-1.02,2
-0.136,-1.01,2
-0.117,-1.011,2
-0.116,-1.011,2
-0.253,-1.008,2
-0.177,-1.004,2
-0.261,-1.008,2
-0.225,-1.009,2
-0.239,-1.009,2
-0.24,-1.009,2
-0.185,-1.007,2
-0.299,-1.011,2
-0.365,-1.014,2
-0.27,-1.01,2
-0.274,-1.01,2
-0.335,-1.014,2
-0.301,-1.011,2
-0.291,-1.01,2
-0.326,-1.012,2
-0.459,-1.018,2
-0.407,-1.017,2
-0.472,-1.019,2
-0.415,-1.017,2
-0.372,-1.014,2
-0.296,-1.01,2
-0.236,-1.008,2
-0.323,-1.011,2
-0.644,-1.028,2
-0.21,-1.006,2
-0.481,-1.019,2
-0.537,-1.022,2
-0.569,-0.396,2
-0.432,-1.02,2
-0.515,-1.023,2
-0.396,-1.018,2
0.127,-0.982,2
0.009,-0.989,2
0.047,-0.985,2
-0.03,-0.992,2
-0.132,-1.007,2
-0.095,-1.007,2
-0.115,-1.009,2
-0.152,-1.002,2
0.386,-0.976,2
-0.07,-0.996,2
0.425,-0.975,2
0.293,-0.979,2
0.172,-0.988,2
0.148,-0.987,2
0.098,-0.986,2
0.095,-0.985,2
0.092,-0.983,2
0.089,-0.984,2
0.12,-0.986,2
-0.261,-1.007,2
-0.134,-1.0,2
-0.046,-0.995,2
0.072,-0.989,2
0.292,-0.979,2
0.186,-0.983,2
0.033,-0.989,2
0.06,-0.987,2
0.095,-0.986,2
0.161,-0.992,2
0.311,-0.987,2
0.055,-0.998,2
0.04,-0.997,2
0.194,-0.991,2
-0.027,-0.368,2
0.147,-0.99,2
-0.373,-1.013,2
-0.211,-1.004,2
-0.267,-1.008,2
-0.309,-1.009,2
-0.13,-1.001,2
-0.075,-1.002,2
-0.03,-0.998,2
-0.328,-1.011,2
-0.33,-1.01,2
-0.123,-0.999,2
-0.081,-1.003,2
-0.118,-1.004,2
-0.056,-1.0,2
0.019,-0.996,2
0.07,-0.995,2
-0.089,-1.003,2
-0.02,-0.999,2
-0.097,-1.003,2
-0.123,-1.006,2
-0.1,-1.002,2
-0.032,-1.002,2
-0.063,-1.0,2
-0.06,-0.999,2
-0.068,-1.0,2
-0.113,-1.005,2
-0.089,-1.002,2
-0.119,-1.001,2
-0.181,-1.004,2
-0.105,-0.999,2
-0.153,-1.002,2
-0.222,-1.006,2
-0.169,-1.001,2
-0.129,-0.369,2
-0.013,-0.995,2
-0.028,-0.996,2
-0.003,-0.993,2
-0.036,-0.999,2
-0.112,-1.003,2
-0.118,-1.004,2
-0.043,-0.999,2
-0.034,-0.998,2
-0.07,-1.0,2
-0.138,-1.002,2
-0.099,-1.0,2
0.013,-0.995,2
-0.094,-1.002,2
0.051,-1.0,2
0.021,-0.995,2
-0.079,-1.001,2
0.033,-0.996,2
-0.149,-1.006,2
-0.169,-1.005,2
0.335,-0.985,2
0.444,-0.978,2
0.307,-0.985,2
-0.249,-1.013,2
0.182,-0.992,2
-0.005,-0.999,2
-0.228,-1.013,2
-0.454,-1.021,2
-0.102,-1.007,2
-0.09,-0.375,2
-0.358,-1.014,2
-0.458,-1.021,2
-0.547,-1.025,2
-0.638,-1.028,2
-0.401,-1.019,2
-0.346,-1.013,2
-0.409,-1.015,2
-0.56,-1.026,2
-0.003,-0.999,2
0.067,-0.994,2
0.084,-0.996,2
0.065,-0.996,2
-0.086,-0.372,2
0.075,-0.992,2
0.075,-0.992,2
-0.288,-1.014,2
0.039,-0.994,2
-0.035,-0.997,2
0.275,-0.983,2
0.121,-0.99,2
0.237,-0.985,2
0.12,-0.99,2
-0.365,-1.016,2
-0.018,-0.998,2
-0.058,-0.999,2
-0.379,-0.383,2
0.298,-0.98,2
0.032,-0.998,2
0.244,-0.986,2
-0.205,-1.01,2
-0.346,-1.008,2
-0.397,-1.014,2
-0.099,-1.011,2
-0.157,-1.008,2
-0.09,-1.006,2
-0.062,-1.004,2
-0.082,-1.006,2
-0.104,-1.008,2
0.048,-1.0,2
-0.008,-1.005,2
-0.096,-1.007,2
-0.138,-1.008,2
-0.39,-1.017,2
-0.575,-1.024,2
-0.564,-1.027,2
-0.116,-1.006,2
-0.116,-1.008,2
-0.011,-0.994,2
0.224,-0.984,2
-0.11,-1.002,2
-0.259,-1.008,2
-0.249,-1.008,2
0.044,-0.992,2
0.181,-0.989,2
0.322,-0.98,2
0.292,-0.983,2
0.057,-0.997,2
0.043,0.263,2
-0.065,-1.005,2
0.363,-0.977,2
-0.099,-1.008,2
-0.07,-1.004,2
-0.513,-0.396,2
0.06,-1.0,2
-0.122,-1.008,2
0.166,-0.987,2
-0.285,-0.378,2
-0.319,-1.011,2
-0.359,-0.384,2
-0.248,-1.008,2
-0.296,-1.011,2
-0.303,-1.011,2
-0.391,-1.018,2
-0.335,-1.014,2
-0.301,-1.011,2
-0.407,-1.017,2
-0.387,-1.016,2
-0.365,-1.015,2
-0.147,-1.005,2
-0.218,-1.009,2
-0.288,-1.012,2
-0.242,-1.009,2
-0.273,-1.011,2
-0.125,-1.002,2
-0.148,-1.001,2
-0.577,-1.024,2
-0.484,-1.019,2
-0.141,-1.003,2
-0.225,-1.007,2
-0.196,-1.005,2
-0.306,-1.011,2
0.032,-0.986,2
0.138,-0.985,2
0.111,-0.99,2
0.02,-0.995,2
0.223,-0.984,2
0.269,-0.981,2
0.324,-0.978,2
0.321,-0.975,2
0.242,-0.976,2
0.101,-0.353,2
0.125,-0.982,2
0.029,-0.984,2
0.331,-0.971,2
0.463,-0.97,2
0.037,-0.995,2
0.454,-0.968,2
0.243,-0.98,2
0.254,-0.975,2
0.296,-0.978,2
0.445,-0.972,2
0.6,-0.959,2
0.601,-0.961,2
0.593,-0.961,2
0.586,-0.962,2
0.45,-0.971,2
0.321,-0.349,2
0.501,-0.97,2
0.49,-0.338,2
0.364,-0.974,2
0.24,-0.352,2
0.594,-0.963,2
-0.384,-1.013,2
-0.36,-0.384,2
-0.489,-1.019,2
-0.573,-0.391,2
-0.39,-0.383,2
-0.038,-0.998,2
-0.08,-1.001,2
-0.112,-1.003,2
-0.342,-1.014,2
-0.142,-1.005,2
-0.091,-1.001,2
-0.098,-1.001,2
-0.331,-1.013,2
-0.28,-1.011,2
-0.134,-1.005,2
-0.093,-1.003,2
-0.184,-1.008,2
-0.086,-1.003,2
2.454,-0.844,2
2.69,-0.841,2
2.705,-0.848,2
1.409,-0.922,2
2.525,-0.86,2
2.056,-0.884,2
2.219,-0.875,2
1.732,-0.902,2
1.38,-0.919,2
1.137,-0.937,2
2.131,-0.885,2
1.946,-0.895,2
2.319,-0.874,2
2.424,-0.87,2
2.373,-0.876,2
2.174,-0.892,2
-0.687,-1.031,2
-0.462,-1.018,2
-0.238,-1.004,2
-0.338,-1.016,2
-0.502,-1.024,2
-0.54,-1.026,2
-0.392,-1.014,2
0.007,-0.983,2
-0.09,-0.989,2
-0.197,-0.995,2
-0.272,-1.002,2
-0.123,-0.992,2
0.294,-0.972,2
0.351,-0.962,2
0.628,-0.96,2
0.759,-0.321,2
0.825,-0.948,2
0.855,-0.947,2
0.998,-0.939,2
-0.261,-1.007,2
-0.163,-1.002,2
-0.421,-1.012,2
0.001,-0.996,2
-0.051,-1.0,2
0.105,-0.989,2
0.761,-0.951,2
0.506,-0.967,2
-0.293,-1.003,2
0.37,-0.975,2
-0.307,-1.017,2
-0.319,-1.013,2
-0.411,-1.018,2
-0.525,-1.022,2
-0.677,-1.031,2
-0.586,-1.025,2
-0.582,-0.394,2
-0.671,-1.03,2
-0.54,-1.024,2
-0.565,-1.024,2
-0.457,-1.02,2
-0.692,-1.031,2
-0.548,-1.026,2
-0.571,-1.026,2
-0.616,-1.029,2
-0.689,-1.031,2
-0.589,-1.026,2
-0.727,-1.033,2
-0.673,-1.031,2
-0.805,-0.406,2
-0.601,-1.028,2
-0.681,-1.031,2
-0.713,-1.032,2
-0.6,-1.027,2
-0.746,-1.034,2
-0.52,-1.023,2
-0.711,-1.032,2
-0.674,-1.03,2
-0.643,-1.029,2
-0.723,-1.032,2
-0.671,-1.03,2
-0.664,-1.031,2
-0.643,-1.029,2
-0.596,-1.026,2
-0.573,-1.026,2
-0.555,-1.024,2
-0.675,-0.4,2
-0.606,-1.028,2
-0.59,-1.027,2
-0.566,-1.024,2
-0.286,-1.012,2
-0.222,-1.01,2
-0.499,-1.023,2
-0.399,-1.022,2
-0.437,-1.02,2
-0.588,-1.027,2
-0.634,-0.399,2
-0.615,-1.027,2
-0.541,-1.025,2
-0.575,-1.027,2
-0.095,-1.002,2
-0.303,-1.014,2
-0.103,-1.006,2
-0.149,-1.01,2
-0.126,-1.008,2
-0.394,-0.387,2
-0.383,-0.385,2
-0.46,-0.389,2
-0.332,-0.383,2
-0.546,-1.025,2
-0.585,-1.026,2
-0.71,-1.032,2
-0.806,-0.406,2
-0.372,-1.016,2
-0.316,-1.013,2
-0.331,-1.014,2
-0.152,-1.008,2
-0.19,-1.011,2
-0.558,-1.025,2
-0.379,-1.014,2
-0.247,-1.008,2
-0.448,-0.387,2
-0.614,-0.395,2
-0.44,-1.017,2
-0.422,-1.015,2
-0.508,-1.021,2
-0.432,-1.019,2
-0.284,-1.006,2
-0.482,-1.022,2
-0.536,-1.021,2
-0.268,-1.007,2
-0.611,-1.025,2
-0.559,-1.027,2
-0.578,-1.027,2
-0.698,-0.4,2
-0.384,-1.015,2
-0.582,-1.029,2
-0.645,-1.029,2
-0.565,-1.025,2
-0.501,-1.022,2
-0.71,-1.031,2
-0.577,-1.026,2
-0.598,-0.394,2
-0.594,-1.027,2
-0.597,-1.026,2
-0.512,-1.022,2
-0.726,-0.404,2
-0.545,-1.025,2
-0.511,-0.393,2
-0.485,-1.022,2
-0.375,-1.017,2
-0.542,-1.024,2
-0.609,-0.396,2
-0.246,-1.009,2
-0.381,-0.386,2
-0.427,-1.02,2
-0.201,-1.012,2
-0.633,0.233,2
-0.407,-1.017,2
-0.541,-1.025,2
-0.457,-0.39,2
-0.394,-1.018,2
-0.383,-0.384,2
-0.43,-1.019,2
-0.085,-1.0,2
-0.171,-1.01,2
-0.231,-1.012,2
-0.356,-0.385,2
0.009,-0.365,2
-0.099,-1.004,2
-0.322,-0.385,2
-0.285,-1.013,2
-0.065,-0.376,2
-0.118,-0.378,2
-0.118,-0.378,2
-0.006,-0.372,2
-0.032,-0.373,2
-0.06,-1.003,2
-0.218,-1.011,2
-0.118,-0.376,2
0.176,-0.991,2
0.012,-1.001,2
-0.149,-1.01,2
-0.111,-1.008,2
-0.326,-1.015,2
-0.114,-1.008,2
-0.358,-0.387,2
-0.372,-0.387,2
-0.111,-0.377,2
0.035,-0.999,2
0.121,-0.99,2
0.175,-0.359,2
-0.375,-1.019,2
-0.395,-1.018,2
0.031,-0.37,2
0.164,-0.988,2
-0.128,-0.373,2
0.141,-0.989,2
0.187,-0.997,2
-0.041,0.251,2
0.147,-0.998,2
0.221,-0.99,2
0.198,-0.995,2
-0.431,-1.017,2
-0.462,-1.02,2
-0.689,-0.402,2
-0.409,-1.018,2
-0.383,-1.018,2
-0.405,-1.02,2
-0.422,-1.017,2
-0.436,-1.019,2
-0.472,-1.018,2
-0.512,-1.022,2
-0.719,-0.401,2
-0.648,-1.028,2
-0.454,-1.018,2
-0.661,-0.397,2
-0.564,-0.395,2
-0.496,-1.023,2
-0.42,-1.017,2
-0.484,-1.021,2
-0.076,-1.0,2
-0.245,-0.377,2
-0.236,-0.375,2
-0.11,-0.997,2
-0.077,-0.368,2
-0.041,-0.366,2
-0.313,-1.014,2
-0.232,-0.377,2
-0.034,-0.997,2
-0.169,-1.006,2
-0.386,-1.019,2
-0.392,-1.015,2
-0.098,-1.001,2
-0.44,-0.385,2
-0.368,-1.012,2
-0.492,-1.022,2
-0.376,-1.016,2
-0.209,-1.006,2
-0.42,-1.017,2
-0.416,-1.016,2
-0.46,-1.018,2
0.153,-0.987,2
-0.021,-0.994,2
0.213,-0.984,2
0.153,-0.357,2
0.237,-0.984,2
0.29,-0.978,2
0.197,-0.982,2
-0.14,-1.003,2
0.199,-0.983,2
-0.059,-0.998,2
-0.019,-0.996,2
0.143,-0.988,2
-0.071,-0.999,2
0.285,-0.98,2
-0.059,-0.995,2
-0.237,-1.005,2
0.186,-0.983,2
0.114,-0.988,2
-0.185,-1.005,2
-0.122,-1.0,2
-0.163,-1.002,2
-0.112,-0.998,2
-0.318,-1.01,2
-0.153,-1.0,2
-0.203,-1.002,2
-0.194,-1.003,2
-0.242,-1.011,2
-0.224,-1.01,2
-0.324,-1.01,2
-0.556,-1.023,2
-0.489,-1.017,2
-0.539,-0.39,2
-0.544,-1.021,2
-0.5,-1.02,2
-0.277,-1.008,2
-0.198,-1.004,2
-0.029,-0.995,2
-0.266,-1.008,2
-0.138,-1.002,2
-0.504,-1.018,2
-0.48,-1.02,2
-0.141,-1.001,2
-0.566,-1.025,2
-0.373,-1.014,2
-0.378,-1.008,2
-0.459,-1.018,2
-0.502,-1.021,2
-0.145,-1.001,2
-0.678,-1.029,2
-0.602,-1.025,2
-0.236,-1.003,2
-0.171,-1.004,2
-0.322,-1.009,2
0.072,-0.981,2
0.129,-0.988,2
0.056,-0.99,2
-0.362,-1.009,2
-0.203,-1.008,2
-0.559,-0.391,2
-0.614,-1.026,2
-0.697,-1.03,2
-0.81,0.225,2
-0.599,-1.027,2
-0.136,-1.004,2
-0.16,-1.005,2
-0.011,-1.005,2
0.056,-1.0,2
-0.066,-1.005,2
-0.078,-1.005,2
-0.005,-1.002,2
-0.109,-1.005,2
-0.088,-1.003,2
-0.091,-1.003,2
-0.112,-1.009,2
-0.155,-1.01,2
-0.142,-1.008,2
0.02,-1.001,2
-0.135,-1.01,2
0.044,-0.995,2
-0.133,-1.004,2
-0.294,-1.01,2
-0.073,-1.001,2
-0.447,-1.02,2
-0.252,-1.01,2
-0.233,-1.003,2
-0.234,-1.004,2
-0.392,-0.382,2
-0.352,-1.012,2
-0.36,-1.013,2
-0.287,-1.011,2
-0.275,-1.011,2
-0.22,-1.006,2
-0.318,-0.382,2
-0.239,-1.003,2
-0.232,-1.005,2
-0.289,-1.008,2
-0.235,-1.008,2
-0.206,-1.006,2
-0.237,-1.009,2
-0.285,-1.012,2
-0.209,-1.007,2
-0.261,-1.008,2
-0.161,-1.002,2
-0.226,-1.004,2
-0.142,-1.001,2
-0.162,-1.002,2
-0.078,-0.997,2
-0.049,-0.996,2
-0.103,-0.998,2
-0.1,-0.999,2
0.003,-0.995,2
-0.035,-0.997,2
-0.225,-1.002,2
-0.01,-0.998,2
-0.181,-1.007,2
-0.21,-1.007,2
-0.217,-1.006,2
-0.219,-1.007,2
-0.227,-1.006,2
-0.227,-1.005,2
-0.194,-1.007,2
-0.048,-1.001,2
0.009,-0.997,2
-0.111,-1.004,2
0.009,-0.997,2
-0.009,-0.997,2
-0.099,-1.001,2
-0.138,-1.005,2
0.131,-0.994,2
0.164,-0.994,2
0.093,-0.995,2
0.154,-0.994,2
0.11,-0.997,2
0.073,-0.994,2
0.066,-0.995,2
0.096,-0.994,2
0.083,-0.994,2
0.089,-0.994,2
0.061,-0.995,2
0.11,-0.992,2
-0.118,-1.002,2
0.121,-0.992,2
0.214,-0.985,2
0.254,-0.986,2
-0.061,-1.001,2
0.152,-0.989,2
0.055,-0.999,2
0.002,-1.0,2
-0.412,-1.018,2
-0.028,-0.367,2
-0.204,-1.007,2
-0.309,-1.012,2
-0.135,-1.004,2
-0.353,-1.015,2
-0.23,-1.008,2
-0.347,-1.014,2
-0.295,-1.01,2
-0.334,-1.012,2
-0.325,-1.013,2
0.064,-0.994,2
-0.032,-0.999,2
-0.475,-1.019,2
-0.295,-1.01,2
-0.651,-1.029,2
-0.452,-1.021,2
-0.143,-1.004,2
-0.274,-1.015,2
-0.275,-1.014,2
-0.349,-1.017,2
-0.427,-1.021,2
-0.354,-1.015,2
-0.406,-1.014,2
-0.674,-1.03,2
-0.174,-1.006,2
-0.223,-1.009,2
-0.339,-1.016,2
-0.472,-1.023,2
-0.412,-1.015,2
-0.545,-1.024,2
-0.61,-0.397,2
-0.299,-1.01,2
-0.608,-0.396,2
-0.252,-1.009,2
-0.44,-1.017,2
-0.127,-1.001,2
-0.19,-1.007,2
-0.053,-1.0,2
0.044,-0.997,2
-0.078,-1.002,2
-0.319,-1.012,2
-0.259,-1.007,2
-0.111,-1.003,2
-0.22,-1.01,2
-0.198,-1.007,2
-0.264,-0.38,2
-0.256,-1.009,2
-0.238,-1.009,2
-0.269,-1.012,2
-0.253,-1.011,2
-0.249,-1.012,2
-0.239,-1.011,2
-0.22,-1.009,2
-0.215,-1.01,2
-0.223,-1.009,2
-0.14,-1.005,2
-0.153,-1.006,2
0.092,-0.996,2
0.0,-0.999,2
-0.033,-0.998,2
-0.137,-1.004,2
0.032,-0.998,2
0.037,-0.998,2
0.09,-0.996,2
0.067,-0.995,2
-0.051,-1.001,2
-0.018,-0.999,2
-0.187,-0.373,2
-0.1,-1.004,2
-0.128,-0.999,2
-0.105,-1.005,2
-0.1,-1.004,2
-0.337,-1.014,2
-0.582,-1.026,2
-0.61,-0.399,2
-0.32,-1.015,2
-0.394,-1.017,2
-0.38,-1.016,2
-0.226,-1.01,2
-0.284,-1.016,2
-0.383,-1.02,2
-0.249,-1.011,2
-0.319,-1.013,2
-0.189,-1.006,2
-0.316,-1.013,2
-0.371,-1.018,2
-0.293,-1.014,2
-0.004,-0.999,2
-0.123,-1.001,2
-0.155,-1.003,2
-0.041,-0.999,2
0.039,-0.996,2
-0.033,-1.0,2
0.037,-0.997,2
-0.094,-1.002,2
-0.137,-1.002,2
-0.145,-1.003,2
-0.171,-1.004,2
-0.133,-1.003,2
-0.145,-1.003,2
-0.03,-0.999,2
-0.059,-1.001,2
-0.328,-1.01,2
-0.25,-1.005,2
-0.418,-1.018,2
-0.37,-1.015,2
-0.342,-1.012,2
-0.218,-1.004,2
-0.262,-1.006,2
-0.316,-1.013,2
-0.33,-1.014,2
-0.142,-1.006,2
-0.149,-1.008,2
-0.24,-1.014,2
-0.271,-0.386,2
-0.199,-1.008,2
-0.16,-1.007,2
-0.143,-1.006,2
-0.196,-1.007,2
-0.151,-1.006,2
-0.129,-1.003,2
-0.225,-1.011,2
-0.35,-0.385,2
-0.349,-1.016,2
-0.188,-1.008,2
-0.224,-1.01,2
-0.175,-1.01,2
-0.242,-1.013,2
-0.272,-1.013,2
-0.12,-1.004,2
-0.167,-1.01,2
-0.178,-1.008,2
-0.24,-1.011,2
-0.225,-1.01,2
-0.361,-0.378,2
-0.321,-1.007,2
0.126,-0.982,2
-0.185,-0.995,2
-0.351,-1.009,2
-0.394,-1.009,2
-0.394,-1.007,2
-0.36,-0.379,2
-0.2,-1.0,2
-0.312,-0.38,2
-0.471,-0.389,2
-0.336,-1.012,2
-0.487,-1.02,2
-0.534,-0.392,2
-0.587,-1.023,2
-0.442,-1.017,2
-0.407,-0.385,2
-0.677,-1.029,2
-0.561,-1.023,2
-0.302,-1.009,2
-0.501,-0.388,2
-0.546,-1.022,2
-0.565,-1.023,2
-0.399,-1.014,2
-0.567,-1.024,2
-0.451,-1.017,2
-0.583,-1.024,2
-0.744,-0.403,2
-0.568,-0.393,2
-0.704,-1.031,2
-0.398,-1.015,2
-0.579,-1.024,2
-0.528,-1.022,2
-0.597,-1.026,2
-0.253,-1.007,2
-0.452,-1.016,2
-0.523,-1.019,2
0.021,-0.988,2
-0.017,-0.991,2
0.081,-0.985,2
-0.068,-0.993,2
-0.107,-0.995,2
-0.416,-1.013,2
-0.684,-0.397,2
-0.611,-1.026,2
-0.274,-1.01,2
-0.293,-1.008,2
-0.387,-1.011,2
-0.378,-1.014,2
-0.56,-1.023,2
-0.549,-1.02,2
-0.273,-1.008,2
-0.375,-1.01,2
-0.433,-1.015,2
-0.341,-1.013,2
-0.246,-1.011,2
-0.186,-1.01,2
-0.153,-1.009,2
-0.222,-1.008,2
-0.132,-1.0,2
-0.328,-1.013,2
-0.266,-1.009,2
-0.35,-1.012,2
-0.15,-1.004,2
-0.127,-1.002,2
-0.566,-0.392,2
-0.418,-1.015,2
-0.476,-1.018,2
-0.245,-1.006,2
-0.233,-1.006,2
-0.359,-1.014,2
-0.167,-1.006,2
-0.252,-0.377,2
-0.477,-1.018,2
-0.255,-1.006,2
0.193,-0.985,2
0.04,-0.994,2
-0.07,-0.366,2
-0.087,-0.368,2
-0.004,-0.995,2
-0.053,-0.366,2
-0.02,-0.995,2
0.082,-0.989,2
0.0,-0.364,2
-0.004,-0.995,2
0.161,-0.986,2
0.041,-0.991,2
0.014,-0.992,2
0.025,-0.995,2
0.023,-0.993,2
-0.077,-0.369,2
-0.012,-0.996,2
-0.01,-0.996,2
-0.084,-0.368,2
-0.066,-0.369,2
-0.333,-0.383,2
-0.202,-1.006,2
0.004,-0.999,2
-0.176,-1.008,2
0.11,-0.99,2
0.042,-0.993,2
0.126,-0.358,2
0.042,-0.993,2
0.15,-0.988,2
0.013,-0.366,2
0.053,-0.994,2
0.004,-0.364,2
0.046,-0.364,2
0.132,-0.99,2
0.127,-0.358,2
-0.049,-0.367,2
0.057,-0.991,2
0.032,-0.992,2
-0.044,-0.368,2
0.026,-0.995,2
0.029,-0.996,2
0.105,-0.991,2
0.146,-0.356,2
0.456,-0.973,2
0.506,-0.97,2
0.199,-0.984,2
0.221,-0.983,2
0.215,-0.984,2
0.152,-0.356,2
0.186,-0.984,2
0.237,-0.984,2
0.205,-0.985,2
0.299,-0.981,2
-0.007,-0.995,2
-0.009,-0.997,2
-0.001,-0.997,2
-0.002,-0.998,2
0.035,-0.996,2
0.044,-0.995,2
-0.042,-0.37,2
0.033,-0.997,2
-0.063,-0.367,2
0.016,-0.993,2
-0.002,-0.995,2
-0.011,-0.998,2
-0.131,-1.003,2
-0.213,-1.006,2
0.023,-0.366,2
-0.072,-1.001,2
6.861,-0.05,3
8.101,0.019,3
8.079,3.839,3
8.146,3.211,3
9.788,0.115,3
6.338,-0.071,3
7.215,-0.053,3
7.187,-0.06,3
7.228,-0.035,3
5.261,0.341,3
5.33,0.975,3
3.825,3.531,3
14.852,2.596,3
13.432,-1.757,3
12.776,-2.422,3
14.18,0.393,3
11.609,0.764,3
12.498,1.462,3
10.484,0.173,3
12.067,0.254,3
13.056,3.144,3
11.815,0.812,3
12.488,0.849,3
13.37,0.898,3
9.017,1.749,3
8.21,1.02,3
8.342,1.788,3
8.984,1.1,3
9.174,1.668,3
9.166,1.669,3
10.131,1.722,3
10.772,1.386,3
8.814,3.918,3
9.066,2.295,3
9.146,1.104,3
10.955,0.175,3
8.333,0.017,3
6.659,3.059,3
6.838,-0.116,3
6.754,-0.121,3
6.982,0.439,3
7.345,1.682,3
7.122,1.544,3
7.366,-0.07,3
7.128,-0.09,3
7.163,0.454,3
6.852,3.709,3
8.012,0.996,3
7.867,2.792,3
7.708,-0.022,3
9.104,0.633,3
9.194,0.637,3
8.94,2.251,3
8.69,0.053,3
8.652,0.05,3
-0.79,0.704,4
-0.507,1.351,4
-0.819,1.334,4
-0.624,1.343,4
-0.624,0.713,4
-0.648,0.709,4
-1.08,2.317,4
-1.076,2.317,4
-1.095,2.947,4
-0.852,0.697,4
-1.125,2.946,4
-0.866,1.329,4
-0.915,2.327,4
-0.851,1.963,4
-0.778,0.704,4
-0.966,1.326,4
-0.948,1.325,4
-0.967,1.325,4
-1.009,1.322,4
-0.853,1.331,4
-0.661,0.711,4
-0.998,1.326,4
-1.18,2.946,4
-0.835,0.702,4
-0.91,1.327,4
-0.703,0.709,4
-0.838,1.33,4
-0.821,0.703,4
-0.894,1.329,4
-1.003,1.322,4
-1.126,2.948,4
-0.982,1.325,4
-1.094,1.316,4
-0.989,1.322,4
-1.035,1.32,4
-1.095,1.314,4
-1.029,1.318,4
-0.957,1.323,4
-1.207,2.942,4
-1.17,2.945,4
-1.102,2.318,4
-1.19,2.944,4
-0.95,1.325,4
-0.814,1.331,4
-0.777,0.705,4
-0.881,1.328,4
-0.826,1.332,4
-0.791,0.702,4
-1.021,1.32,4
-0.928,1.326,4
-0.874,1.328,4
-1.017,0.689,4
-0.836,1.331,4
-1.297,2.938,4
-0.255,0.737,4
-0.49,1.353,4
-0.312,0.732,4
-0.608,2.347,4
-0.544,2.846,4
-0.552,2.846,4
-0.539,2.847,4
-0.52,2.848,4
-0.553,2.846,4
-0.549,2.846,4
-0.561,2.846,4
-0.482,2.85,4
-0.516,2.848,4
-0.516,2.848,4
-0.518,2.848,4
-0.516,2.848,4
-0.521,2.848,4
-0.541,2.847,4
-0.566,3.476,4
-0.534,2.847,4
-0.526,2.847,4
-0.563,2.846,4
-0.56,2.846,4
-0.513,2.848,4
-0.531,2.847,4
-0.509,2.848,4
-0.513,2.848,4
-0.399,2.854,4
-0.275,1.228,4
-0.215,1.231,4
-0.259,1.229,4
-0.489,2.849,4
-0.444,2.85,4
-0.47,2.849,4
-0.333,1.226,4
-1.119,2.315,4
-1.106,2.316,4
-0.824,1.331,4
-0.958,2.953,4
-0.889,1.326,4
-1.148,2.945,4
-0.599,0.708,4
-0.668,1.337,4
-0.707,1.335,4
-0.826,0.698,4
-0.901,1.329,4
-0.989,1.324,4
-1.283,2.938,4
-0.772,0.701,4
-0.966,1.321,4
-0.918,0.695,4
-0.865,0.696,4
-0.764,0.701,4
-0.715,0.705,4
-0.616,0.711,4
-0.769,1.334,4
-1.148,1.314,4
-0.601,0.713,4
-1.08,0.686,4
-0.724,0.706,4
-1.006,1.322,4
-0.704,0.706,4
-0.918,1.329,4
-0.8,1.964,4
-1.103,1.948,4
-0.92,1.327,4
-0.944,1.327,4
-0.892,1.328,4
-0.891,1.328,4
-1.061,1.32,4
-0.852,0.701,4
-0.498,0.717,4
-0.975,0.692,4
-0.987,1.322,4
-0.486,1.347,4
-0.801,1.962,4
-0.991,1.321,4
-0.976,1.322,4
-0.923,0.699,4
-0.992,1.324,4
-0.909,0.699,4
-0.834,0.7,4
-0.708,0.706,4
-0.725,0.704,4
-1.241,1.939,4
-0.973,0.69,4
-1.155,2.314,4
-0.928,0.694,4
-0.984,1.323,4
-1.024,1.32,4
-1.14,1.314,4
-1.191,1.943,4
-1.071,1.319,4
-1.306,2.937,4
-1.239,2.31,4
-1.288,2.938,4
-0.97,1.323,4
-0.712,0.706,4
-0.905,1.331,4
-1.164,2.316,4
-0.876,1.962,4
-0.759,0.71,4
-0.599,0.712,4
-0.72,1.337,4
-0.753,1.336,4
-0.758,0.707,4
-0.951,1.326,4
-0.782,0.704,4
-0.962,1.324,4
-0.991,1.324,4
-0.989,1.322,4
-0.947,1.327,4
-0.928,0.696,4
-0.929,1.331,4
-0.782,1.335,4
-0.812,1.333,4
-0.964,1.325,4
-0.793,1.334,4
-0.896,0.696,4
-0.779,0.707,4
-1.207,2.945,4
-1.005,1.322,4
-1.027,0.69,4
-1.086,1.317,4
-1.073,1.317,4
-1.068,1.318,4
-1.281,2.939,4
-1.061,1.318,4
-1.026,1.32,4
-1.177,1.943,4
-1.075,1.319,4
-0.993,0.693,4
-1.079,1.317,4
-1.094,1.317,4
-1.298,2.937,4
-1.292,2.938,4
-1.288,2.938,4
-1.3,2.938,4
-1.299,2.938,4
-1.087,2.949,4
-0.831,0.697,4
-0.874,1.328,4
-0.767,1.333,4
-0.887,1.326,4
-0.969,1.953,4
-0.874,1.328,4
-0.904,1.327,4
-0.92,1.326,4
-0.973,1.323,4
-0.978,1.323,4
-0.919,0.695,4
-0.845,0.699,4
-1.082,1.947,4
-0.929,1.326,4
-0.835,1.331,4
-1.062,1.318,4
-0.883,1.326,4
-0.789,0.702,4
-0.862,1.327,4
-0.806,1.33,4
-1.296,2.938,4
-1.163,1.683,4
-1.072,2.945,4
-0.411,0.714,4
-0.909,0.693,4
-0.781,0.701,4
-0.898,0.695,4
-0.89,0.696,4
-1.21,2.311,4
-0.738,0.701,4
-1.017,0.69,4
-0.934,0.694,4
-1.281,2.939,4
-0.549,0.715,4
0.095,0.73,4
-0.575,0.705,4
-0.164,0.724,4
-0.244,0.723,4
-0.19,0.732,4
-0.379,0.716,4
-0.609,1.334,4
-0.785,2.954,4
-0.683,2.329,4
-0.594,1.964,4
-0.733,0.699,4
-0.88,2.322,4
-0.74,0.697,4
-0.878,2.322,4
-0.924,1.325,4
-0.924,1.325,4
-0.844,0.697,4
-1.056,2.318,4
-0.964,1.324,4
-0.965,1.324,4
-0.832,1.329,4
-0.898,1.324,4
-0.841,1.328,4
-1.008,2.319,4
-0.942,1.692,4
-0.933,1.323,4
-1.0,1.322,4
-1.016,1.318,4
-0.999,1.322,4
-0.66,0.708,4
-0.842,0.696,4
-0.909,1.323,4
-0.997,1.322,4
-0.892,0.696,4
-0.549,2.343,4
-0.665,0.704,4
-0.691,1.333,4
-0.692,1.333,4
-0.691,1.334,4
-0.69,1.334,4
-0.586,0.711,4
-0.783,1.332,4
-0.714,0.704,4
-0.692,0.706,4
-0.696,0.704,4
-0.727,0.704,4
-0.884,2.325,4
-0.605,0.706,4
-0.884,2.325,4
-0.715,0.705,4
-0.764,0.702,4
-0.732,0.704,4
-0.725,0.703,4
-0.671,2.336,4
-0.523,0.709,4
-0.425,0.713,4
-0.648,2.962,4
-0.536,0.706,4
-0.48,0.709,4
-0.671,0.701,4
-0.702,1.328,4
-0.507,0.708,4
-0.636,0.7,4
-0.573,0.705,4
-0.493,1.341,4
-0.44,0.712,4
-0.473,0.713,4
-0.635,1.334,4
-0.593,0.703,4
-0.568,0.713,4
-0.638,0.704,4
-0.82,1.33,4
-0.891,0.697,4
-1.02,2.318,4
-0.842,0.7,4
-0.824,0.699,4
-0.69,0.706,4
-1.089,2.948,4
-0.961,1.323,4
-0.554,0.703,4
-0.549,0.704,4
-0.543,0.705,4
-0.538,0.707,4
-0.61,1.334,4
-0.609,1.334,4
-0.418,2.345,4
-0.39,0.714,4
-0.446,0.711,4
-0.266,0.721,4
-0.418,0.716,4
-0.54,0.712,4
-0.331,0.716,4
-0.346,0.716,4
-0.734,2.337,4
-0.477,0.715,4
-0.721,0.703,4
-0.728,0.703,4
-0.708,2.333,4
-0.598,0.708,4
-0.367,0.722,4
-0.639,0.705,4
-0.861,2.328,4
-0.916,2.956,4
-0.835,1.329,4
-0.895,1.327,4
-0.701,1.337,4
-0.605,0.711,4
-0.624,0.709,4
-0.709,0.706,4
-0.786,0.702,4
-0.911,0.696,4
-0.871,0.697,4
-0.985,2.321,4
-0.778,0.7,4
-0.776,0.7,4
-0.794,1.33,4
-0.463,0.716,4
-0.451,0.718,4
-0.458,0.718,4
-0.426,0.722,4
-0.32,0.733,4
-0.561,2.984,4
-0.349,0.732,4
-0.5,0.71,4
-0.41,0.718,4
-0.615,0.711,4
-0.134,0.735,4
-0.002,2.369,4
-0.197,2.348,4
-0.224,0.724,4
-0.501,1.349,4
-0.484,2.341,4
-0.593,2.964,4
-0.368,0.724,4
-0.327,0.718,4
-0.324,0.724,4
-0.875,2.331,4
-0.884,2.33,4
-0.432,0.715,4
-0.582,0.713,4
-0.717,0.706,4
-0.38,0.716,4
-0.569,0.714,4
-0.461,0.72,4
-0.469,0.719,4
-0.705,2.96,4
-0.443,0.721,4
-0.853,2.956,4
-0.629,1.341,4
-0.327,0.723,4
-0.773,2.331,4
-0.894,2.955,4
-0.026,0.733,4
0.009,0.737,4
-0.423,1.346,4
-0.844,2.324,4
-0.674,2.332,4
-0.406,0.718,4
-0.277,0.724,4
-0.449,0.715,4
-0.197,0.725,4
-0.376,2.348,4
-0.267,0.727,4
-0.762,1.335,4
-0.989,2.951,4
-0.153,0.731,4
-0.614,0.707,4
-0.775,0.705,4
-0.546,0.71,4
-0.712,0.71,4
-0.737,1.335,4
-0.449,0.713,4
-1.193,2.312,4
-1.225,2.311,4
-1.166,2.314,4
-1.172,2.313,4
-1.203,2.312,4
-1.208,2.312,4
-1.216,2.311,4
-1.193,2.312,4
-0.625,0.71,4
-0.507,0.716,4
-0.099,0.735,4
-0.604,0.707,4
-0.202,0.73,4
-0.702,2.963,4
-0.447,1.348,4
-0.457,0.718,4
-0.577,0.714,4
-0.264,0.729,4
-0.254,0.73,4
-0.185,0.729,4
-0.111,0.734,4
-0.361,2.349,4
-0.106,0.731,4
-0.751,2.326,4
-0.512,0.71,4
-0.496,1.34,4
-0.415,0.711,4
1.651,1.337,4
2.536,3.053,4
0.751,1.288,4
0.778,1.94,4
3.948,1.484,4
3.64,1.447,4
2.904,2.038,4
1.042,2.595,4
1.739,1.972,4
1.637,1.342,4
2.015,2.998,4
1.713,1.337,4
1.743,1.336,4
1.929,1.35,4
1.038,1.29,4
1.179,1.929,4
1.178,1.929,4
1.089,1.942,4
1.036,1.304,4
-0.943,1.951,4
-0.949,1.954,4
-0.926,1.958,4
-0.737,0.702,4
-1.015,2.947,4
-0.717,0.705,4
-0.886,1.328,4
-0.997,1.322,4
-0.374,0.722,4
-0.736,1.334,4
-0.644,1.341,4
-0.827,0.7,4
-0.44,1.351,4
-0.453,1.35,4
-0.332,1.358,4
-0.332,1.358,4
-0.407,2.985,4
-0.102,1.368,4
-0.109,1.375,4
-0.439,1.359,4
-0.337,0.727,4
-0.102,3.004,4
0.08,0.753,4
-0.323,1.362,4
-0.308,0.733,4
-0.437,0.724,4
0.03,1.38,4
0.03,1.38,4
0.06,1.375,4
-1.158,2.314,4
-1.221,2.311,4
-0.921,1.325,4
-1.236,2.941,4
-0.635,0.71,4
-0.805,1.956,4
-0.561,0.72,4
-0.825,2.34,4
-0.438,1.348,4
-0.407,0.723,4
-0.386,0.722,4
-0.743,0.707,4
-0.81,0.698,4
-1.023,0.69,4
-0.938,0.691,4
-1.104,0.685,4
-1.059,2.315,4
-1.158,1.313,4
-1.166,1.313,4
-1.237,1.94,4
-1.036,0.687,4
-0.945,0.692,4
-0.971,0.691,4
-1.001,1.319,4
-1.101,1.315,4
-1.016,0.688,4
-1.024,0.689,4
-1.009,1.318,4
-0.839,0.695,4
-0.839,0.7,4
-0.872,0.695,4
-1.042,2.315,4
-0.647,0.703,4
-0.806,1.325,4
-0.567,0.706,4
-0.908,1.321,4
-0.998,0.689,4
-0.949,0.691,4
-1.152,1.943,4
-0.863,1.325,4
-0.377,0.713,4
-0.859,0.693,4
-1.096,1.944,4
0.075,0.745,4
-0.753,1.327,4
-0.745,1.328,4
-0.658,1.334,4
-1.299,2.938,4
-0.63,1.34,4
-0.802,0.702,4
-0.957,1.321,4
-0.983,1.954,4
-1.015,1.32,4
-1.053,2.316,4
-1.131,2.945,4
-0.467,1.341,4
-0.574,1.336,4
-0.853,1.955,4
-0.401,1.346,4
-0.586,1.335,4
-0.107,0.73,4
-0.186,1.355,4
-0.354,2.345,4
-0.992,1.32,4
-0.809,1.329,4
-0.866,1.328,4
-0.828,1.331,4
-0.315,1.354,4
-0.289,2.36,4
-0.605,1.338,4
-0.693,1.334,4
-0.627,1.341,4
-0.773,1.332,4
-1.055,1.949,4
1.228,1.857,4
-0.178,1.365,4
-0.508,0.715,4
-0.611,0.711,4
-0.93,1.959,4
-0.839,0.7,4
-0.961,1.325,4
-1.16,2.314,4
-0.695,0.707,4
-0.869,0.697,4
-0.647,0.71,4
-0.343,0.738,4
-0.604,0.714,4
-0.588,0.718,4
-0.36,1.995,4
-0.877,0.699,4
-0.888,2.962,4
-0.844,1.334,4
-0.324,0.72,4
-0.501,0.71,4
-0.627,2.335,4
-0.727,1.338,4
-0.748,1.337,4
-0.727,1.338,4
-0.623,2.963,4
-0.99,2.321,4
-0.989,2.321,4
-1.023,2.95,4
-0.427,0.717,4
-0.507,0.714,4
-1.271,2.939,4
-0.889,2.951,4
-0.997,1.318,4
-0.704,0.7,4
-0.678,0.701,4
-0.684,1.335,4
-0.668,0.705,4
-0.973,2.95,4
-0.938,1.325,4
-0.852,1.33,4
-0.587,0.711,4
-0.897,1.326,4
-1.165,1.313,4
-1.165,1.313,4
-0.563,1.342,4
-0.683,1.337,4
-0.578,0.712,4
-0.724,2.967,4
-0.545,0.713,4
-0.776,1.961,4
-0.695,1.704,4
-0.527,0.711,4
-0.631,1.338,4
-0.318,0.721,4
-0.5,1.345,4
-0.406,1.349,4
-0.365,0.718,4
-0.28,0.722,4
-0.306,0.72,4
-0.444,1.345,4
-0.408,0.717,4
-0.315,0.722,4
-0.457,0.713,4
-0.94,2.32,4
-0.642,0.705,4
-0.577,0.709,4
-0.764,0.699,4
-0.735,0.701,4
-0.663,0.706,4
-0.738,0.698,4
-0.804,1.696,4
-0.613,2.969,4
-0.975,2.952,4
-0.738,0.703,4
-0.739,0.704,4
-0.748,0.703,4
-0.734,0.706,4
-0.742,0.704,4
-0.77,0.7,4
-0.569,1.337,4
-0.514,0.712,4
-0.506,0.71,4
-0.638,0.706,4
-0.536,0.712,4
-0.438,0.717,4
-0.49,0.714,4
-0.489,0.715,4
-0.789,2.326,4
-0.553,0.71,4
-0.654,1.333,4
-0.71,1.329,4
-0.681,1.331,4
-0.555,0.708,4
-0.588,0.708,4
-0.555,0.709,4
-1.236,2.31,4
-1.294,2.938,4
-0.807,1.332,4
-0.996,2.958,4
-0.93,2.331,4
-0.546,1.35,4
-0.656,1.344,4
-0.946,1.327,4
-0.812,0.705,4
-1.118,2.952,4
-0.733,1.337,4
-0.617,2.975,4
-0.378,1.353,4
-0.452,1.35,4
-0.463,1.345,4
-0.428,1.347,4
-0.219,1.361,4
-0.586,0.709,4
-0.44,1.345,4
-0.418,1.348,4
-0.245,1.358,4
-0.614,1.968,4
-0.572,1.339,4
-0.559,1.341,4
-0.505,0.715,4
-0.493,0.715,4
-0.527,0.712,4
-0.586,1.342,4
-0.474,0.714,4
-0.274,2.357,4
20.777,0.665,5
21.223,3.065,5
21.587,1.347,5
20.649,3.475,5
20.589,1.296,5
20.002,3.0,5
20.075,0.633,5
21.715,0.728,5
21.024,1.318,5
21.459,1.348,5
20.704,2.936,5
20.588,3.216,5
20.707,0.665,5
22.006,0.748,5
22.203,1.388,5
19.012,1.197,5
19.729,1.239,5
18.666,3.362,5
19.008,0.571,5
-0.147,-3.737,6
-0.185,-3.737,6
0.157,-3.724,6
-0.306,-3.116,6
-0.481,-2.756,6
-0.365,-3.749,6
-0.143,-3.736,6
-0.183,-3.738,6
-0.196,-3.735,6
-0.306,-3.113,6
-0.314,-3.741,6
-0.567,-2.123,6
-0.563,-2.123,6
-0.277,-3.743,6
-0.417,-3.747,6
-0.292,-3.745,6
-0.434,-3.752,6
-0.247,-3.742,6
-0.303,-3.744,6
-0.41,-3.12,6
-0.49,-3.126,6
-0.171,-3.738,6
-0.206,-3.744,6
-0.363,-3.119,6
-0.615,-2.13,6
-0.391,-3.75,6
-0.615,-1.494,6
0.967,-3.674,6
0.642,-3.057,6
0.333,-3.706,6
0.046,-3.724,6
-0.011,-3.73,6
-0.14,-3.734,6
0.327,-3.708,6
-0.11,-3.736,6
0.233,-3.716,6
0.411,-3.708,6
-0.165,-3.738,6
0.503,-3.07,6
-0.004,-3.739,6
-0.576,-2.129,6
-0.704,-2.135,6
-0.432,-2.493,6
-0.525,-3.128,6
-0.166,-3.738,6
-0.662,-2.764,6
-0.242,-2.115,6
-0.104,-3.736,6
-0.419,-3.754,6
0.131,-3.723,6
-0.284,-3.116,6
-0.337,-3.75,6
-0.512,-3.127,6
-0.451,-3.122,6
-0.464,-3.753,6
-0.279,-3.112,6
-0.359,-3.748,6
-0.336,-3.118,6
-0.541,-1.497,6
-0.375,-3.12,6
-0.433,-2.493,6
-0.789,-1.509,6
-0.597,-2.762,6
-0.546,-3.758,6
-0.299,-3.113,6
-0.285,-3.743,6
-0.564,-3.128,6
-0.517,-3.757,6
-0.327,-3.117,6
-0.339,-3.749,6
-0.323,-3.116,6
-0.255,-3.115,6
0.084,-3.107,6
-0.274,-1.492,6
-0.336,-1.495,6
-0.254,-3.744,6
-0.407,-3.752,6
-0.417,-3.752,6
0.086,-3.734,6
0.154,-3.731,6
0.193,-3.729,6
0.234,-3.727,6
0.139,-3.732,6
0.133,-3.731,6
-0.201,-2.113,6
-0.762,-1.507,6
0.092,-3.724,6
0.03,-3.737,6
0.038,-3.73,6
0.139,-3.723,6
0.257,-3.727,6
0.338,-3.085,6
0.45,-3.711,6
0.252,-3.722,6
-0.374,-2.116,6
0.094,-3.725,6
-0.004,-3.73,6
0.09,-3.728,6
0.097,-3.724,6
0.121,-3.725,6
0.123,-3.725,6
0.107,-3.724,6
0.074,-3.095,6
0.173,-3.722,6
0.164,-3.721,6
0.02,-3.729,6
0.115,-3.726,6
0.014,-3.728,6
-0.418,-3.752,6
-0.127,-3.739,6
-0.196,-3.743,6
-0.015,-3.733,6
0.254,-3.72,6
-0.083,-3.739,6
-0.509,-3.758,6
-0.022,-3.101,6
-0.123,-2.11,6
4.545,-1.33,6
1.634,-3.134,6
2.059,-3.092,6
3.591,-3.029,6
4.105,-0.738,6
1.714,-3.134,6
1.295,-2.129,6
1.593,-1.851,6
1.988,-3.096,6
1.844,-3.097,6
1.844,-3.097,6
2.103,-3.087,6
2.058,-3.088,6
1.848,-2.469,6
1.604,-3.111,6
1.787,-3.102,6
1.387,-3.127,6
1.388,-3.133,6
1.382,-3.153,6
2.241,-1.475,6
1.744,-3.144,6
1.548,-3.157,6
2.072,-2.491,6
2.202,-3.115,6
1.671,-2.503,6
1.517,-3.141,6
0.233,-3.088,6
-0.071,-3.1,6
-0.234,-3.741,6
-0.375,-3.119,6
-0.18,-3.741,6
-0.32,-3.117,6
-0.407,-3.123,6
-0.232,-3.112,6
-0.179,-2.478,6
0.12,-3.724,6
0.16,-3.718,6
0.7,-3.689,6
0.646,-3.064,6
0.573,-3.068,6
0.568,-3.701,6
-0.257,-3.742,6
-0.217,-3.112,6
-0.229,-3.743,6
-0.221,-3.112,6
0.045,-3.098,6
-0.246,-3.745,6
-0.155,-3.108,6
-0.056,-3.103,6
-0.106,-3.106,6
-0.177,-3.11,6
2.651,-2.941,6
2.245,-2.98,6
2.508,-2.341,6
-0.7,-2.134,6
-0.493,-3.125,6
-0.376,-3.749,6
-0.341,-3.747,6
0.004,-3.719,6
0.863,-3.672,6
0.332,-3.702,6
0.26,-3.076,6
0.341,-3.702,6
0.623,-3.697,6
0.401,-3.71,6
0.898,-3.683,6
0.665,-3.064,6
2.043,-3.619,6
-0.789,-1.509,6
-0.565,-2.5,6
-0.463,-3.754,6
-0.497,-3.757,6
-0.718,-2.506,6
-0.657,-2.505,6
-0.353,-3.75,6
-0.375,-3.753,6
-0.417,-3.754,6
-0.472,-2.498,6
-0.097,-3.741,6
-0.391,-3.753,6
-0.358,-3.75,6
-0.337,-3.119,6
-0.218,-3.113,6
-0.385,-3.123,6
-0.186,-3.113,6
0.312,-3.723,6
0.27,-3.726,6
0.266,-3.729,6
-0.246,-3.745,6
-0.303,-3.747,6
0.029,-3.1,6
0.274,-3.085,6
0.245,-3.716,6
-0.349,-3.119,6
0.208,-3.089,6
0.041,-1.051,6
0.247,-1.041,6
0.044,-1.051,6
0.071,-1.048,6
0.032,-0.418,6
0.009,-1.053,6
-0.016,-1.055,6
-0.047,-1.058,6
-0.04,-0.425,6
-0.112,-1.47,6
0.217,-3.718,6
0.195,-3.717,6
0.175,-3.719,6
0.345,-3.713,6
0.382,-3.711,6
0.106,-3.721,6
0.194,-3.716,6
-0.012,-3.732,6
-0.082,-3.736,6
-0.263,-3.742,6
-0.221,-3.741,6
-0.195,-3.74,6
0.534,-3.699,6
-0.323,-3.746,6
-0.334,-3.747,6
-0.362,-3.748,6
-0.312,-3.114,6
-0.164,-3.737,6
0.17,-3.719,6
0.34,-3.71,6
0.12,-3.722,6
-0.044,-3.735,6
0.065,-3.729,6
-0.306,-1.486,6
-0.107,-2.105,6
-0.034,-3.729,6
0.047,-3.725,6
-0.072,-3.73,6
0.058,-3.724,6
-0.051,-3.729,6
-0.02,-3.73,6
0.116,-3.726,6
0.034,-3.729,6
0.036,-3.729,6
-0.108,-3.731,6
-0.141,-3.732,6
-0.06,-3.732,6
-0.06,-3.73,6
0.129,-3.725,6
0.146,-3.724,6
0.073,-3.728,6
0.053,-3.729,6
-0.055,-3.734,6
0.103,-3.097,6
-0.272,-3.747,6
0.184,-3.722,6
7.295,-2.161,6
7.618,-2.777,6
7.667,-2.784,6
-0.774,-1.508,6
-0.077,-3.107,6
-0.258,-3.744,6
-0.539,-3.127,6
0.019,-3.102,6
-0.35,-3.12,6
-0.25,-3.75,6
0.111,-3.727,6
0.187,-3.721,6
0.385,-3.713,6
0.223,-3.717,6
0.306,-3.713,6
0.289,-3.714,6
